ISO-10303-21;
HEADER;
FILE_DESCRIPTION (( 'STEP AP214' ),
    '1' );
FILE_NAME ('top_transmission.STEP',
    '2024-10-13T22:16:04',
    ( '' ),
    ( '' ),
    'SwSTEP 2.0',
    'SolidWorks 2023',
    '' );
FILE_SCHEMA (( 'AUTOMOTIVE_DESIGN' ));
ENDSEC;

DATA;
#1 = DIRECTION ( 'NONE',  ( -0.000000000000000000, -0.000000000000000000, 1.000000000000000000 ) ) ;
#2 = CARTESIAN_POINT ( 'NONE',  ( 9.355812953169259316, 44.84117379071219744, 45.67494136184245690 ) ) ;
#3 = VECTOR ( 'NONE', #405, 1000.000000000000000 ) ;
#4 = CARTESIAN_POINT ( 'NONE',  ( 0.000000000000000000, 5.258320959226876035, -5.000000000000000000 ) ) ;
#5 = FACE_BOUND ( 'NONE', #870, .T. ) ;
#6 = AXIS2_PLACEMENT_3D ( 'NONE', #224, #1381, #340 ) ;
#7 = ORIENTED_EDGE ( 'NONE', *, *, #1113, .T. ) ;
#8 = VERTEX_POINT ( 'NONE', #1062 ) ;
#9 = VERTEX_POINT ( 'NONE', #716 ) ;
#10 = DIRECTION ( 'NONE',  ( 1.000000000000000000, 0.000000000000000000, 0.000000000000000000 ) ) ;
#11 = EDGE_CURVE ( 'NONE', #1446, #1422, #199, .T. ) ;
#12 = SHAPE_REPRESENTATION_RELATIONSHIP ( 'NONE' , 'NONE' ,  #179, #110 ) ;
#13 = CARTESIAN_POINT ( 'NONE',  ( 0.000000000000000000, -1.500000000000000000, -0.5000000000000002220 ) ) ;
#14 = CARTESIAN_POINT ( 'NONE',  ( -17.49999999999999645, 31.17390735855869011, 2.000000000000000000 ) ) ;
#15 = UNCERTAINTY_MEASURE_WITH_UNIT (LENGTH_MEASURE( 1.000000000000000082E-05 ), #473, 'distance_accuracy_value', 'NONE');
#16 = ORIENTED_EDGE ( 'NONE', *, *, #351, .F. ) ;
#17 = VERTEX_POINT ( 'NONE', #148 ) ;
#18 = ORIENTED_EDGE ( 'NONE', *, *, #1170, .T. ) ;
#19 = PLANE ( 'NONE',  #1199 ) ;
#20 = CARTESIAN_POINT ( 'NONE',  ( 0.000000000000000000, 0.000000000000000000, 0.000000000000000000 ) ) ;
#21 = EDGE_CURVE ( 'NONE', #1500, #1070, #1460, .T. ) ;
#22 = DIRECTION ( 'NONE',  ( 0.000000000000000000, 0.000000000000000000, -1.000000000000000000 ) ) ;
#23 = CARTESIAN_POINT ( 'NONE',  ( 15.54999999999999716, -9.000000000000005329, -22.00000000000000000 ) ) ;
#24 = SHAPE_REPRESENTATION ( 'top_transmission', ( #178, #408, #328, #1183, #851, #257 ), #1488 ) ;
#25 = VERTEX_POINT ( 'NONE', #245 ) ;
#26 = VERTEX_POINT ( 'NONE', #120 ) ;
#27 = CARTESIAN_POINT ( 'NONE',  ( 0.000000000000000000, 3.080253093803577702, -10.00000004040656876 ) ) ;
#28 = EDGE_LOOP ( 'NONE', ( #1288, #570, #1076, #1292 ) ) ;
#29 = APPLICATION_CONTEXT ( 'automotive_design' ) ;
#30 = EDGE_CURVE ( 'NONE', #1120, #1448, #31, .T. ) ;
#31 = LINE ( 'NONE', #356, #719 ) ;
#32 = FACE_OUTER_BOUND ( 'NONE', #825, .T. ) ;
#33 = AXIS2_PLACEMENT_3D ( 'NONE', #1472, #1250, #1367 ) ;
#34 = ORIENTED_EDGE ( 'NONE', *, *, #1453, .T. ) ;
#35 = PLANE ( 'NONE',  #406 ) ;
#36 = ORIENTED_EDGE ( 'NONE', *, *, #1392, .F. ) ;
#37 = ADVANCED_FACE ( 'NONE', ( #497 ), #727, .F. ) ;
#38 = DIRECTION ( 'NONE',  ( 0.000000000000000000, 0.000000000000000000, 1.000000000000000000 ) ) ;
#39 = DIRECTION ( 'NONE',  ( -0.000000000000000000, -0.000000000000000000, 1.000000000000000000 ) ) ;
#40 = VERTEX_POINT ( 'NONE', #1179 ) ;
#41 = ADVANCED_FACE ( 'NONE', ( #703 ), #1284, .F. ) ;
#42 = ORIENTED_EDGE ( 'NONE', *, *, #228, .T. ) ;
#43 = CARTESIAN_POINT ( 'NONE',  ( -14.74999999999999645, 26.00000000000000355, -22.00000000000000000 ) ) ;
#44 = CARTESIAN_POINT ( 'NONE',  ( 14.75000000000000355, 26.00000000000000000, -22.00000000000000000 ) ) ;
#45 = ORIENTED_EDGE ( 'NONE', *, *, #1037, .T. ) ;
#46 = AXIS2_PLACEMENT_3D ( 'NONE', #881, #1222, #979 ) ;
#47 = FACE_OUTER_BOUND ( 'NONE', #860, .T. ) ;
#48 = COLOUR_RGB ( '',0.7921568627450980005, 0.8196078431372548767, 0.9333333333333333481 ) ;
#49 = ORIENTED_EDGE ( 'NONE', *, *, #235, .T. ) ;
#50 = VECTOR ( 'NONE', #430, 1000.000000000000000 ) ;
#51 = ORIENTED_EDGE ( 'NONE', *, *, #1410, .T. ) ;
#52 = AXIS2_PLACEMENT_3D ( 'NONE', #450, #114, #348 ) ;
#53 = CARTESIAN_POINT ( 'NONE',  ( 1.109703575489245253, 6.000000000000000000, -10.00000000000000000 ) ) ;
#54 = FACE_OUTER_BOUND ( 'NONE', #70, .T. ) ;
#55 = ADVANCED_FACE ( 'NONE', ( #709 ), #134, .F. ) ;
#56 = ORIENTED_EDGE ( 'NONE', *, *, #487, .F. ) ;
#57 = DIRECTION ( 'NONE',  ( 1.000000000000000000, 0.000000000000000000, 0.000000000000000000 ) ) ;
#58 = ADVANCED_FACE ( 'NONE', ( #551 ), #1235, .T. ) ;
#59 = DIRECTION ( 'NONE',  ( 0.000000000000000000, -0.000000000000000000, 1.000000000000000000 ) ) ;
#60 = ITEM_DEFINED_TRANSFORMATION ( 'NONE', 'NONE', #257,  #919 ) ;
#61 = EDGE_CURVE ( 'NONE', #925, #249, #1332, .T. ) ;
#62 = VERTEX_POINT ( 'NONE', #278 ) ;
#63 = ADVANCED_FACE ( 'NONE', ( #905, #1098, #438 ), #1130, .F. ) ;
#64 = LINE ( 'NONE', #886, #826 ) ;
#65 = DIRECTION ( 'NONE',  ( 1.000000000000000000, 0.000000000000000000, 0.000000000000000000 ) ) ;
#66 = CARTESIAN_POINT ( 'NONE',  ( 4.999999999999999112, 3.080253093803577702, -10.00000004040656876 ) ) ;
#67 = FACE_OUTER_BOUND ( 'NONE', #962, .T. ) ;
#68 = CARTESIAN_POINT ( 'NONE',  ( -31.00000000000000000, -3.796405077356795115E-15, -32.00000000000001421 ) ) ;
#69 = PRESENTATION_LAYER_ASSIGNMENT (  '', '', ( #1007 ) ) ;
#70 = EDGE_LOOP ( 'NONE', ( #1423, #261, #274, #494 ) ) ;
#71 = CARTESIAN_POINT ( 'NONE',  ( 0.000000000000000000, 31.00000000000000000, -32.00000000000001421 ) ) ;
#72 = AXIS2_PLACEMENT_3D ( 'NONE', #1360, #315, #1030 ) ;
#73 = CARTESIAN_POINT ( 'NONE',  ( -35.75000000000000000, 0.000000000000000000, 2.000000000000000000 ) ) ;
#74 = CARTESIAN_POINT ( 'NONE',  ( 14.74999999999999822, -9.000000000000005329, -22.00000000000000000 ) ) ;
#75 = CARTESIAN_POINT ( 'NONE',  ( 7.592810154713590230E-15, -31.00000000000000000, -32.00000000000001421 ) ) ;
#76 = VECTOR ( 'NONE', #903, 1000.000000000000000 ) ;
#77 = DIRECTION ( 'NONE',  ( -0.000000000000000000, -0.000000000000000000, 1.000000000000000000 ) ) ;
#78 = APPLICATION_PROTOCOL_DEFINITION ( 'draft international standard', 'automotive_design', 1998, #481 ) ;
#79 = EDGE_CURVE ( 'NONE', #508, #188, #1445, .T. ) ;
#80 = FACE_OUTER_BOUND ( 'NONE', #1342, .T. ) ;
#81 = VECTOR ( 'NONE', #337, 1000.000000000000000 ) ;
#82 = DIRECTION ( 'NONE',  ( -1.000000000000000000, 0.000000000000000000, 0.000000000000000000 ) ) ;
#83 = APPLICATION_CONTEXT ( 'automotive_design' ) ;
#84 = ADVANCED_FACE ( 'NONE', ( #1431 ), #986, .F. ) ;
#85 = CARTESIAN_POINT ( 'NONE',  ( 5.000000000000000000, -2.000000000000000000, -0.5000000000000002220 ) ) ;
#86 = LINE ( 'NONE', #74, #403 ) ;
#87 = DIRECTION ( 'NONE',  ( -1.217349807703022362E-16, -1.000000000000000000, -0.000000000000000000 ) ) ;
#88 = CARTESIAN_POINT ( 'NONE',  ( 5.000000000000000000, -2.000000000000000000, -2.449293598294706414E-16 ) ) ;
#89 = ORIENTED_EDGE ( 'NONE', *, *, #1216, .T. ) ;
#90 = EDGE_CURVE ( 'NONE', #479, #622, #1123, .T. ) ;
#91 = PLANE ( 'NONE',  #1481 ) ;
#92 = ORIENTED_EDGE ( 'NONE', *, *, #516, .T. ) ;
#93 = DIRECTION ( 'NONE',  ( -1.000000000000000000, 1.176083712526648949E-16, -0.000000000000000000 ) ) ;
#94 = CARTESIAN_POINT ( 'NONE',  ( 0.000000000000000000, 11.99999999999999822, 0.000000000000000000 ) ) ;
#95 = ORIENTED_EDGE ( 'NONE', *, *, #999, .T. ) ;
#96 =( GEOMETRIC_REPRESENTATION_CONTEXT ( 3 ) GLOBAL_UNCERTAINTY_ASSIGNED_CONTEXT ( ( #1014 ) ) GLOBAL_UNIT_ASSIGNED_CONTEXT ( ( #880, #543, #1213 ) ) REPRESENTATION_CONTEXT ( 'NONE', 'WORKASPACE' ) );
#97 = LINE ( 'NONE', #933, #866 ) ;
#98 = DIRECTION ( 'NONE',  ( -1.734723475976806848E-16, 0.000000000000000000, -1.000000000000000000 ) ) ;
#99 = EDGE_LOOP ( 'NONE', ( #18, #1295, #1238, #126 ) ) ;
#100 = DIRECTION ( 'NONE',  ( 1.000000000000000000, 0.000000000000000000, 0.000000000000000000 ) ) ;
#101 = CIRCLE ( 'NONE', #72, 1.700000000000000178 ) ;
#102 = CARTESIAN_POINT ( 'NONE',  ( 5.000000000000000000, -2.000000000000000000, -9.500000000000000000 ) ) ;
#103 = ADVANCED_FACE ( 'NONE', ( #751 ), #1209, .F. ) ;
#104 = PLANE ( 'NONE',  #483 ) ;
#105 = ORIENTED_EDGE ( 'NONE', *, *, #1255, .T. ) ;
#106 = CARTESIAN_POINT ( 'NONE',  ( 31.00000000000000000, -3.796405077356795115E-15, 2.000000000000000000 ) ) ;
#107 = ORIENTED_EDGE ( 'NONE', *, *, #291, .T. ) ;
#108 = DIRECTION ( 'NONE',  ( -0.000000000000000000, 1.000000000000000000, 0.000000000000000000 ) ) ;
#109 = DIRECTION ( 'NONE',  ( -1.000000000000000000, -0.000000000000000000, -0.000000000000000000 ) ) ;
#110 = ADVANCED_BREP_SHAPE_REPRESENTATION ( '', ( #1201, #919 ), #283 ) ;
#111 = CARTESIAN_POINT ( 'NONE',  ( 14.75000000000000355, 26.00000000000000000, -10.00000000000000000 ) ) ;
#112 = DIRECTION ( 'NONE',  ( 0.000000000000000000, 1.000000000000000000, 0.000000000000000000 ) ) ;
#113 = CARTESIAN_POINT ( 'NONE',  ( 0.000000000000000000, 0.000000000000000000, 0.000000000000000000 ) ) ;
#114 = DIRECTION ( 'NONE',  ( -1.000000000000000000, 0.000000000000000000, 0.000000000000000000 ) ) ;
#115 = ORIENTED_EDGE ( 'NONE', *, *, #1173, .F. ) ;
#116 = DIRECTION ( 'NONE',  ( 1.000000000000000000, 0.000000000000000000, 0.000000000000000000 ) ) ;
#117 = EDGE_LOOP ( 'NONE', ( #500, #435, #739, #105 ) ) ;
#118 = DIRECTION ( 'NONE',  ( 3.469446951953614189E-16, -1.000000000000000000, 0.000000000000000000 ) ) ;
#119 = DIRECTION ( 'NONE',  ( -0.9999053560516968364, -0.01375786826254493320, 2.355450609459539791E-16 ) ) ;
#120 = CARTESIAN_POINT ( 'NONE',  ( 1.699999999999999956, 31.00000000000000000, 2.000000000000000000 ) ) ;
#121 = FACE_OUTER_BOUND ( 'NONE', #1278, .T. ) ;
#122 = VECTOR ( 'NONE', #1048, 1000.000000000000000 ) ;
#123 = EDGE_CURVE ( 'NONE', #622, #1290, #1462, .T. ) ;
#124 = ORIENTED_EDGE ( 'NONE', *, *, #1077, .F. ) ;
#125 = DIRECTION ( 'NONE',  ( 0.000000000000000000, 0.000000000000000000, 1.000000000000000000 ) ) ;
#126 = ORIENTED_EDGE ( 'NONE', *, *, #1237, .F. ) ;
#127 = FACE_OUTER_BOUND ( 'NONE', #642, .T. ) ;
#128 = AXIS2_PLACEMENT_3D ( 'NONE', #955, #1080, #632 ) ;
#129 = ORIENTED_EDGE ( 'NONE', *, *, #592, .F. ) ;
#130 = DIRECTION ( 'NONE',  ( 1.000000000000000000, -0.000000000000000000, -0.000000000000000000 ) ) ;
#131 = EDGE_CURVE ( 'NONE', #249, #1467, #914, .T. ) ;
#132 = AXIS2_PLACEMENT_3D ( 'NONE', #1234, #1363, #1239 ) ;
#133 = VECTOR ( 'NONE', #227, 1000.000000000000000 ) ;
#134 =( BOUNDED_SURFACE ( )  B_SPLINE_SURFACE ( 3, 1, ( 
 ( #857, #624 ),
 ( #965, #1316 ),
 ( #1171, #601 ),
 ( #1403, #4 ),
 ( #1408, #366 ),
 ( #947, #1417 ),
 ( #1248, #270 ) ),
 .UNSPECIFIED., .F., .F., .F. ) 
 B_SPLINE_SURFACE_WITH_KNOTS ( ( 4, 3, 4 ),
 ( 2, 2 ),
 ( 0.000000000000000000, 0.5000000000000000000, 1.000000000000000000 ),
 ( 0.000000000000000000, 1.000000000000000000 ),
 .UNSPECIFIED. ) 
 GEOMETRIC_REPRESENTATION_ITEM ( )  RATIONAL_B_SPLINE_SURFACE ( (
 ( 1.000000000000000000, 1.000000000000000000),
 ( 0.8047378508726957813, 0.8047378508726957813),
 ( 0.8047378508726957813, 0.8047378508726957813),
 ( 1.000000000000000000, 1.000000000000000000),
 ( 0.8047378508726957813, 0.8047378508726957813),
 ( 0.8047378508726957813, 0.8047378508726957813),
 ( 1.000000000000000000, 1.000000000000000000) ) ) 
 REPRESENTATION_ITEM ( '' )  SURFACE ( )  );
#135 = ORIENTED_EDGE ( 'NONE', *, *, #247, .F. ) ;
#136 = ORIENTED_EDGE ( 'NONE', *, *, #619, .F. ) ;
#137 = ORIENTED_EDGE ( 'NONE', *, *, #1107, .F. ) ;
#138 = EDGE_CURVE ( 'NONE', #626, #890, #86, .T. ) ;
#139 = FACE_BOUND ( 'NONE', #395, .T. ) ;
#140 =( REPRESENTATION_RELATIONSHIP ('NONE','NONE', #24, #179 ) REPRESENTATION_RELATIONSHIP_WITH_TRANSFORMATION ( #1477 )SHAPE_REPRESENTATION_RELATIONSHIP( ) );
#141 = ORIENTED_EDGE ( 'NONE', *, *, #996, .T. ) ;
#142 = CARTESIAN_POINT ( 'NONE',  ( 0.000000000000000000, 0.000000000000000000, 2.000000000000000000 ) ) ;
#143 = ORIENTED_EDGE ( 'NONE', *, *, #531, .F. ) ;
#144 = EDGE_LOOP ( 'NONE', ( #532, #697 ) ) ;
#145 = ADVANCED_FACE ( 'NONE', ( #404 ), #1345, .F. ) ;
#146 = CARTESIAN_POINT ( 'NONE',  ( -9.849999999999994316, 26.00000000000000355, -13.50000000000000000 ) ) ;
#147 = ORIENTED_EDGE ( 'NONE', *, *, #758, .F. ) ;
#148 = CARTESIAN_POINT ( 'NONE',  ( 5.000000000000000000, -1.500000000000000000, -10.00000000000000000 ) ) ;
#149 = CARTESIAN_POINT ( 'NONE',  ( -9.849999999999994316, 26.80000000000000426, -13.50000000000000000 ) ) ;
#150 = ORIENTED_EDGE ( 'NONE', *, *, #1065, .F. ) ;
#151 = CIRCLE ( 'NONE', #273, 1.700000000000000178 ) ;
#152 = ORIENTED_EDGE ( 'NONE', *, *, #1216, .F. ) ;
#153 = DIRECTION ( 'NONE',  ( -0.000000000000000000, -0.000000000000000000, 1.000000000000000000 ) ) ;
#154 = CARTESIAN_POINT ( 'NONE',  ( 5.000000000000000000, -1.500000000000000000, -9.500000000000000000 ) ) ;
#155 = DIRECTION ( 'NONE',  ( -0.000000000000000000, -0.000000000000000000, 1.000000000000000000 ) ) ;
#156 = EDGE_CURVE ( 'NONE', #707, #547, #565, .T. ) ;
#157 = ORIENTED_EDGE ( 'NONE', *, *, #186, .T. ) ;
#158 = VECTOR ( 'NONE', #415, 1000.000000000000000 ) ;
#159 = FACE_BOUND ( 'NONE', #1286, .T. ) ;
#160 = CIRCLE ( 'NONE', #1260, 0.5000000000000004441 ) ;
#161 = DIRECTION ( 'NONE',  ( -0.000000000000000000, -0.000000000000000000, 1.000000000000000000 ) ) ;
#162 = LINE ( 'NONE', #757, #749 ) ;
#163 = ORIENTED_EDGE ( 'NONE', *, *, #313, .F. ) ;
#164 = CARTESIAN_POINT ( 'NONE',  ( 3.839276372235126189, 5.258320959226876923, -2.071067779827383770 ) ) ;
#165 = CARTESIAN_POINT ( 'NONE',  ( 0.000000000000000000, 3.080253093803579478, 4.040656698166410249E-08 ) ) ;
#166 = CARTESIAN_POINT ( 'NONE',  ( -1.699999999999992628, -31.00000000000000000, 0.000000000000000000 ) ) ;
#167 = ORIENTED_EDGE ( 'NONE', *, *, #1147, .F. ) ;
#168 = EDGE_CURVE ( 'NONE', #922, #386, #670, .T. ) ;
#169 = CARTESIAN_POINT ( 'NONE',  ( 3.839276372235125745, 0.000000000000000000, -10.00000000000000000 ) ) ;
#170 = CARTESIAN_POINT ( 'NONE',  ( -14.75000000000000178, -9.000000000000001776, -22.00000000000000000 ) ) ;
#171 = VECTOR ( 'NONE', #463, 1000.000000000000000 ) ;
#172 = AXIS2_PLACEMENT_3D ( 'NONE', #980, #1356, #525 ) ;
#173 = EDGE_CURVE ( 'NONE', #1161, #25, #604, .T. ) ;
#174 = ORIENTED_EDGE ( 'NONE', *, *, #61, .F. ) ;
#175 = AXIS2_PLACEMENT_3D ( 'NONE', #88, #651, #902 ) ;
#176 = FACE_OUTER_BOUND ( 'NONE', #1309, .T. ) ;
#177 = FILL_AREA_STYLE_COLOUR ( '', #48 ) ;
#178 = AXIS2_PLACEMENT_3D ( 'NONE', #1058, #125, #234 ) ;
#179 = SHAPE_REPRESENTATION ( 'pulley_bot_v2', ( #919 ), #283 ) ;
#180 = PLANE ( 'NONE',  #695 ) ;
#181 = EDGE_CURVE ( 'NONE', #925, #1480, #1475, .T. ) ;
#182 = VERTEX_POINT ( 'NONE', #1146 ) ;
#183 = PLANE ( 'NONE',  #1370 ) ;
#184 = DIRECTION ( 'NONE',  ( -1.000000000000000000, -0.000000000000000000, -0.000000000000000000 ) ) ;
#185 = LINE ( 'NONE', #664, #1419 ) ;
#186 = EDGE_CURVE ( 'NONE', #731, #461, #1463, .T. ) ;
#187 = CARTESIAN_POINT ( 'NONE',  ( -23.49999999999999645, 11.99999999999999822, -8.000000000000000000 ) ) ;
#188 = VERTEX_POINT ( 'NONE', #900 ) ;
#189 = CARTESIAN_POINT ( 'NONE',  ( 0.000000000000000000, 0.000000000000000000, 0.000000000000000000 ) ) ;
#190 = VECTOR ( 'NONE', #466, 1000.000000000000000 ) ;
#191 = CARTESIAN_POINT ( 'NONE',  ( -17.49999999999999645, 11.99999999999999822, 2.000000000000000000 ) ) ;
#192 = CARTESIAN_POINT ( 'NONE',  ( 5.000000000000000000, 3.080253093803579478, 4.040656698166410249E-08 ) ) ;
#193 = CARTESIAN_POINT ( 'NONE',  ( 10.00000000000001243, 28.00000000000000355, -13.50000000000000000 ) ) ;
#194 = EDGE_CURVE ( 'NONE', #9, #242, #1455, .T. ) ;
#195 = FACE_OUTER_BOUND ( 'NONE', #326, .T. ) ;
#196 = AXIS2_PLACEMENT_3D ( 'NONE', #217, #455, #445 ) ;
#197 = CIRCLE ( 'NONE', #530, 1.399999999999998579 ) ;
#198 = ADVANCED_FACE ( 'NONE', ( #906 ), #1259, .F. ) ;
#199 = CIRCLE ( 'NONE', #1366, 0.5000000000000000000 ) ;
#200 = EDGE_CURVE ( 'NONE', #850, #1262, #1124, .T. ) ;
#201 = LINE ( 'NONE', #542, #76 ) ;
#202 = AXIS2_PLACEMENT_3D ( 'NONE', #1457, #762, #672 ) ;
#203 = DIRECTION ( 'NONE',  ( -1.217349807703022362E-16, -1.000000000000000000, -0.000000000000000000 ) ) ;
#204 = DIRECTION ( 'NONE',  ( 1.000000000000000000, 0.000000000000000000, 0.000000000000000000 ) ) ;
#205 = DIRECTION ( 'NONE',  ( 0.000000000000000000, 0.000000000000000000, 1.000000000000000000 ) ) ;
#206 = CIRCLE ( 'NONE', #537, 1.250000000000000222 ) ;
#207 = PRODUCT_DEFINITION_FORMATION_WITH_SPECIFIED_SOURCE ( 'ANY', '', #853, .NOT_KNOWN. ) ;
#208 = ORIENTED_EDGE ( 'NONE', *, *, #976, .T. ) ;
#209 = VECTOR ( 'NONE', #1060, 1000.000000000000000 ) ;
#210 = DIRECTION ( 'NONE',  ( -1.000000000000000000, 0.000000000000000000, 1.301042606982605321E-16 ) ) ;
#211 = LINE ( 'NONE', #1257, #171 ) ;
#212 = EDGE_LOOP ( 'NONE', ( #759, #629 ) ) ;
#213 = CARTESIAN_POINT ( 'NONE',  ( -31.00000000000000000, -3.796405077356795115E-15, -32.00000000000001421 ) ) ;
#214 = CARTESIAN_POINT ( 'NONE',  ( 3.839276372235127077, 5.258320959226876923, -7.928932220172620227 ) ) ;
#215 = ORIENTED_EDGE ( 'NONE', *, *, #942, .F. ) ;
#216 = LINE ( 'NONE', #688, #230 ) ;
#217 = CARTESIAN_POINT ( 'NONE',  ( 0.000000000000000000, 0.000000000000000000, -10.00000000000000000 ) ) ;
#218 = VERTEX_POINT ( 'NONE', #560 ) ;
#219 = CARTESIAN_POINT ( 'NONE',  ( 15.55000000000000249, 26.80000000000000071, 0.000000000000000000 ) ) ;
#220 = EDGE_CURVE ( 'NONE', #895, #182, #1109, .T. ) ;
#221 = DIRECTION ( 'NONE',  ( -1.115577798055824568E-16, -1.000000000000000000, -0.000000000000000000 ) ) ;
#222 = FACE_OUTER_BOUND ( 'NONE', #290, .T. ) ;
#223 = ORIENTED_EDGE ( 'NONE', *, *, #1047, .F. ) ;
#224 = CARTESIAN_POINT ( 'NONE',  ( 5.000000000000000000, -1.500000000000000000, -0.5000000000000002220 ) ) ;
#225 = ORIENTED_EDGE ( 'NONE', *, *, #1237, .T. ) ;
#226 = VECTOR ( 'NONE', #667, 1000.000000000000000 ) ;
#227 = DIRECTION ( 'NONE',  ( -0.000000000000000000, -0.000000000000000000, 1.000000000000000000 ) ) ;
#228 = EDGE_CURVE ( 'NONE', #1198, #8, #185, .T. ) ;
#229 = CARTESIAN_POINT ( 'NONE',  ( 32.70000000000000284, -3.796405077356795115E-15, 0.000000000000000000 ) ) ;
#230 = VECTOR ( 'NONE', #1491, 1000.000000000000000 ) ;
#231 = FACE_BOUND ( 'NONE', #732, .T. ) ;
#232 = CARTESIAN_POINT ( 'NONE',  ( -15.54999999999999893, 26.80000000000000782, 0.000000000000000000 ) ) ;
#233 = ORIENTED_EDGE ( 'NONE', *, *, #1113, .F. ) ;
#234 = DIRECTION ( 'NONE',  ( 1.000000000000000000, 0.000000000000000000, 0.000000000000000000 ) ) ;
#235 = EDGE_CURVE ( 'NONE', #1184, #1120, #686, .T. ) ;
#236 = FACE_BOUND ( 'NONE', #288, .T. ) ;
#237 = CARTESIAN_POINT ( 'NONE',  ( 13.27867343890649643, 15.47728932668327850, 45.67494136184239295 ) ) ;
#238 = CARTESIAN_POINT ( 'NONE',  ( -11.24999999999999289, 28.00000000000000355, -13.50000000000000000 ) ) ;
#239 = CARTESIAN_POINT ( 'NONE',  ( 5.000000000000000000, 5.522347466801686476E-16, -10.00000000000000533 ) ) ;
#240 = ORIENTED_EDGE ( 'NONE', *, *, #313, .T. ) ;
#241 = CARTESIAN_POINT ( 'NONE',  ( 1.109703575489245475, 5.258320959226876923, -7.928932220172619338 ) ) ;
#242 = VERTEX_POINT ( 'NONE', #439 ) ;
#243 = FACE_BOUND ( 'NONE', #1493, .T. ) ;
#244 = ADVANCED_FACE ( 'NONE', ( #67 ), #417, .F. ) ;
#245 = CARTESIAN_POINT ( 'NONE',  ( -35.75000000000000000, 0.000000000000000000, 0.000000000000000000 ) ) ;
#246 = CYLINDRICAL_SURFACE ( 'NONE', #52, 1.250000000000000222 ) ;
#247 = EDGE_CURVE ( 'NONE', #1290, #393, #888, .T. ) ;
#248 = PRESENTATION_LAYER_ASSIGNMENT (  '', '', ( #1388 ) ) ;
#249 = VERTEX_POINT ( 'NONE', #1340 ) ;
#250 = VERTEX_POINT ( 'NONE', #1476 ) ;
#251 = ORIENTED_EDGE ( 'NONE', *, *, #1107, .T. ) ;
#252 = VECTOR ( 'NONE', #319, 1000.000000000000000 ) ;
#253 = DIRECTION ( 'NONE',  ( 1.000000000000000000, -0.000000000000000000, 0.000000000000000000 ) ) ;
#254 = CARTESIAN_POINT ( 'NONE',  ( 53.36886466555434794, 45.10937071491183303, 45.67494136184247111 ) ) ;
#255 = CIRCLE ( 'NONE', #1066, 1.250000000000000222 ) ;
#256 = CARTESIAN_POINT ( 'NONE',  ( 11.25000000000001243, 28.00000000000000355, -13.50000000000000000 ) ) ;
#257 = AXIS2_PLACEMENT_3D ( 'NONE', #2, #1402, #496 ) ;
#258 = ORIENTED_EDGE ( 'NONE', *, *, #90, .T. ) ;
#259 = CARTESIAN_POINT ( 'NONE',  ( 0.000000000000000000, 5.258320959226876923, -2.071067779827383326 ) ) ;
#260 = ORIENTED_EDGE ( 'NONE', *, *, #1335, .T. ) ;
#261 = ORIENTED_EDGE ( 'NONE', *, *, #1221, .T. ) ;
#262 = DIRECTION ( 'NONE',  ( 1.000000000000000000, 0.000000000000000000, 0.000000000000000000 ) ) ;
#263 = ORIENTED_EDGE ( 'NONE', *, *, #194, .F. ) ;
#264 = ORIENTED_EDGE ( 'NONE', *, *, #577, .T. ) ;
#265 = ORIENTED_EDGE ( 'NONE', *, *, #592, .T. ) ;
#266 = APPLICATION_CONTEXT ( 'automotive_design' ) ;
#267 = DIRECTION ( 'NONE',  ( -0.000000000000000000, -0.000000000000000000, 1.000000000000000000 ) ) ;
#268 = ADVANCED_FACE ( 'NONE', ( #447 ), #296, .T. ) ;
#269 = ORIENTED_EDGE ( 'NONE', *, *, #1343, .T. ) ;
#270 = CARTESIAN_POINT ( 'NONE',  ( 0.000000000000000000, -9.769331192309893112E-16, 4.336808689942017736E-15 ) ) ;
#271 = LINE ( 'NONE', #625, #1325 ) ;
#272 = ORIENTED_EDGE ( 'NONE', *, *, #458, .T. ) ;
#273 = AXIS2_PLACEMENT_3D ( 'NONE', #1499, #1056, #469 ) ;
#274 = ORIENTED_EDGE ( 'NONE', *, *, #1304, .F. ) ;
#275 = AXIS2_PLACEMENT_3D ( 'NONE', #545, #205, #552 ) ;
#276 = CARTESIAN_POINT ( 'NONE',  ( 3.839276372235125745, 5.258320959226876035, -5.000000000000002665 ) ) ;
#277 = VERTEX_POINT ( 'NONE', #767 ) ;
#278 = CARTESIAN_POINT ( 'NONE',  ( -17.49999999999999645, 31.17390735855869011, 0.000000000000000000 ) ) ;
#279 = CARTESIAN_POINT ( 'NONE',  ( 12.50000000000001066, 26.00000000000000355, -13.50000000000000000 ) ) ;
#280 = AXIS2_PLACEMENT_3D ( 'NONE', #1397, #490, #1404 ) ;
#281 = PRODUCT_DEFINITION_CONTEXT ( 'detailed design', #83, 'design' ) ;
#282 = VERTEX_POINT ( 'NONE', #783 ) ;
#283 =( GEOMETRIC_REPRESENTATION_CONTEXT ( 3 ) GLOBAL_UNCERTAINTY_ASSIGNED_CONTEXT ( ( #869 ) ) GLOBAL_UNIT_ASSIGNED_CONTEXT ( ( #346, #1165, #1394 ) ) REPRESENTATION_CONTEXT ( 'NONE', 'WORKASPACE' ) );
#284 = SURFACE_SIDE_STYLE ('',( #1429 ) ) ;
#285 = ORIENTED_EDGE ( 'NONE', *, *, #138, .T. ) ;
#286 = CARTESIAN_POINT ( 'NONE',  ( -35.75000000000000000, 0.000000000000000000, 2.000000000000000000 ) ) ;
#287 = ADVANCED_FACE ( 'NONE', ( #1230 ), #180, .T. ) ;
#288 = EDGE_LOOP ( 'NONE', ( #398, #1052 ) ) ;
#289 = LINE ( 'NONE', #1096, #788 ) ;
#290 = EDGE_LOOP ( 'NONE', ( #349, #977, #107, #1233, #7, #1095 ) ) ;
#291 = EDGE_CURVE ( 'NONE', #705, #250, #893, .T. ) ;
#292 = ORIENTED_EDGE ( 'NONE', *, *, #200, .F. ) ;
#293 = EDGE_CURVE ( 'NONE', #938, #587, #678, .T. ) ;
#294 = CARTESIAN_POINT ( 'NONE',  ( -23.49999999999999645, 11.99999999999999822, 2.000000000000000000 ) ) ;
#295 = SURFACE_SIDE_STYLE ('',( #1333 ) ) ;
#296 = CYLINDRICAL_SURFACE ( 'NONE', #33, 1.250000000000000222 ) ;
#297 = AXIS2_PLACEMENT_3D ( 'NONE', #53, #887, #655 ) ;
#298 = AXIS2_PLACEMENT_3D ( 'NONE', #154, #631, #38 ) ;
#299 = FACE_OUTER_BOUND ( 'NONE', #375, .T. ) ;
#300 = ORIENTED_EDGE ( 'NONE', *, *, #173, .F. ) ;
#301 = VECTOR ( 'NONE', #786, 1000.000000000000000 ) ;
#302 = EDGE_CURVE ( 'NONE', #750, #182, #1242, .T. ) ;
#303 = DIRECTION ( 'NONE',  ( -1.217349807703022362E-16, -1.000000000000000000, 0.000000000000000000 ) ) ;
#304 = DIRECTION ( 'NONE',  ( 0.000000000000000000, 1.224646799147353207E-16, -1.000000000000000000 ) ) ;
#305 = DIRECTION ( 'NONE',  ( -1.217349807703022362E-16, -1.000000000000000000, 0.000000000000000000 ) ) ;
#306 = PRODUCT_DEFINITION_CONTEXT ( 'detailed design', #568, 'design' ) ;
#307 = ORIENTED_EDGE ( 'NONE', *, *, #1343, .F. ) ;
#308 = EDGE_CURVE ( 'NONE', #637, #524, #422, .T. ) ;
#309 =( NAMED_UNIT ( * ) SI_UNIT ( $, .STERADIAN. ) SOLID_ANGLE_UNIT ( ) );
#310 = CARTESIAN_POINT ( 'NONE',  ( -11.24999999999999289, 26.80000000000000426, -13.50000000000000000 ) ) ;
#311 = DIRECTION ( 'NONE',  ( 1.000000000000000000, 0.000000000000000000, 0.000000000000000000 ) ) ;
#312 = DIRECTION ( 'NONE',  ( -0.000000000000000000, -0.000000000000000000, 1.000000000000000000 ) ) ;
#313 = EDGE_CURVE ( 'NONE', #587, #524, #197, .T. ) ;
#314 = CYLINDRICAL_SURFACE ( 'NONE', #1420, 1.700000000000000178 ) ;
#315 = DIRECTION ( 'NONE',  ( 0.000000000000000000, 0.000000000000000000, 1.000000000000000000 ) ) ;
#316 = APPLICATION_PROTOCOL_DEFINITION ( 'draft international standard', 'automotive_design', 1998, #568 ) ;
#317 = DIRECTION ( 'NONE',  ( -0.000000000000000000, -0.000000000000000000, 1.000000000000000000 ) ) ;
#318 = CARTESIAN_POINT ( 'NONE',  ( 5.000000000000000000, 0.000000000000000000, 0.000000000000000000 ) ) ;
#319 = DIRECTION ( 'NONE',  ( -0.000000000000000000, -0.000000000000000000, 1.000000000000000000 ) ) ;
#320 = VECTOR ( 'NONE', #690, 1000.000000000000000 ) ;
#321 = APPLICATION_PROTOCOL_DEFINITION ( 'draft international standard', 'automotive_design', 1998, #83 ) ;
#322 = VECTOR ( 'NONE', #1118, 1000.000000000000000 ) ;
#323 = DIRECTION ( 'NONE',  ( -0.000000000000000000, -0.000000000000000000, 1.000000000000000000 ) ) ;
#324 = AXIS2_PLACEMENT_3D ( 'NONE', #1224, #1023, #659 ) ;
#325 = DIRECTION ( 'NONE',  ( -1.217349807703022362E-16, -1.000000000000000000, 0.000000000000000000 ) ) ;
#326 = EDGE_LOOP ( 'NONE', ( #376, #56, #967, #910 ) ) ;
#327 = CARTESIAN_POINT ( 'NONE',  ( 11.25000000000001243, 26.00000000000000355, -13.50000000000000000 ) ) ;
#328 = AXIS2_PLACEMENT_3D ( 'NONE', #237, #961, #1407 ) ;
#329 = DIRECTION ( 'NONE',  ( 0.000000000000000000, 0.000000000000000000, 1.000000000000000000 ) ) ;
#330 = PRODUCT_DEFINITION_SHAPE ( 'NONE', 'NONE',  #1511 ) ;
#331 = CARTESIAN_POINT ( 'NONE',  ( 5.000000000000000000, 0.000000000000000000, -10.00000000000000000 ) ) ;
#332 = CARTESIAN_POINT ( 'NONE',  ( 15.55000000000000249, 26.80000000000000071, 0.000000000000000000 ) ) ;
#333 = LINE ( 'NONE', #572, #1223 ) ;
#334 = VERTEX_POINT ( 'NONE', #1485 ) ;
#335 = LINE ( 'NONE', #1494, #133 ) ;
#336 = APPLICATION_PROTOCOL_DEFINITION ( 'draft international standard', 'automotive_design', 1998, #266 ) ;
#337 = DIRECTION ( 'NONE',  ( 1.000000000000000000, -0.000000000000000000, -0.000000000000000000 ) ) ;
#338 = EDGE_CURVE ( 'NONE', #854, #620, #335, .T. ) ;
#339 = DIRECTION ( 'NONE',  ( 0.000000000000000000, 0.000000000000000000, 1.000000000000000000 ) ) ;
#340 = DIRECTION ( 'NONE',  ( 0.000000000000000000, 0.000000000000000000, -1.000000000000000000 ) ) ;
#341 = EDGE_CURVE ( 'NONE', #17, #390, #343, .T. ) ;
#342 = ORIENTED_EDGE ( 'NONE', *, *, #1415, .T. ) ;
#343 = LINE ( 'NONE', #1044, #989 ) ;
#344 = CIRCLE ( 'NONE', #867, 1.700000000000000178 ) ;
#345 = DIRECTION ( 'NONE',  ( 1.000000000000000000, 0.000000000000000000, 0.000000000000000000 ) ) ;
#346 =( LENGTH_UNIT ( ) NAMED_UNIT ( * ) SI_UNIT ( .MILLI., .METRE. ) );
#347 = MECHANICAL_DESIGN_GEOMETRIC_PRESENTATION_REPRESENTATION (  '', ( #1388 ), #96 ) ;
#348 = DIRECTION ( 'NONE',  ( 0.000000000000000000, 0.000000000000000000, 1.000000000000000000 ) ) ;
#349 = ORIENTED_EDGE ( 'NONE', *, *, #414, .T. ) ;
#350 = CARTESIAN_POINT ( 'NONE',  ( 14.75000000000000355, 26.00000000000000000, -22.00000000000000000 ) ) ;
#351 = EDGE_CURVE ( 'NONE', #705, #282, #1391, .T. ) ;
#352 = ORIENTED_EDGE ( 'NONE', *, *, #138, .F. ) ;
#353 = FACE_OUTER_BOUND ( 'NONE', #1035, .T. ) ;
#354 = LINE ( 'NONE', #828, #1075 ) ;
#355 = DIRECTION ( 'NONE',  ( 0.000000000000000000, 0.000000000000000000, 1.000000000000000000 ) ) ;
#356 = CARTESIAN_POINT ( 'NONE',  ( 5.000000000000000000, 0.000000000000000000, 0.000000000000000000 ) ) ;
#357 = PLANE ( 'NONE',  #1111 ) ;
#358 = ORIENTED_EDGE ( 'NONE', *, *, #575, .F. ) ;
#359 = LINE ( 'NONE', #1389, #791 ) ;
#360 = EDGE_CURVE ( 'NONE', #26, #969, #1362, .T. ) ;
#361 = ORIENTED_EDGE ( 'NONE', *, *, #516, .F. ) ;
#362 = APPLICATION_PROTOCOL_DEFINITION ( 'draft international standard', 'automotive_design', 1998, #29 ) ;
#363 = LINE ( 'NONE', #835, #444 ) ;
#364 = CARTESIAN_POINT ( 'NONE',  ( 33.54969863511003325, 39.68019420609896031, 47.67494136184247111 ) ) ;
#365 = EDGE_CURVE ( 'NONE', #386, #26, #457, .T. ) ;
#366 = CARTESIAN_POINT ( 'NONE',  ( 0.000000000000000000, 5.258320959226876923, -2.071067779827381550 ) ) ;
#367 = CARTESIAN_POINT ( 'NONE',  ( 14.75000000000000355, 26.00000000000000000, -10.00000000000000000 ) ) ;
#368 = ORIENTED_EDGE ( 'NONE', *, *, #953, .F. ) ;
#369 = ORIENTED_EDGE ( 'NONE', *, *, #458, .F. ) ;
#370 = DIRECTION ( 'NONE',  ( 3.469446951953614189E-16, -1.000000000000000000, 0.000000000000000000 ) ) ;
#371 = EDGE_CURVE ( 'NONE', #1079, #691, #810, .T. ) ;
#372 = ORIENTED_EDGE ( 'NONE', *, *, #338, .F. ) ;
#373 = PLANE ( 'NONE',  #940 ) ;
#374 = AXIS2_PLACEMENT_3D ( 'NONE', #1244, #561, #1451 ) ;
#375 = EDGE_LOOP ( 'NONE', ( #1382, #652, #442, #932, #855, #1195 ) ) ;
#376 = ORIENTED_EDGE ( 'NONE', *, *, #1368, .F. ) ;
#377 = AXIS2_PLACEMENT_3D ( 'NONE', #489, #505, #380 ) ;
#378 = DIRECTION ( 'NONE',  ( -0.000000000000000000, -0.000000000000000000, -1.000000000000000000 ) ) ;
#379 = AXIS2_PLACEMENT_3D ( 'NONE', #1414, #153, #1329 ) ;
#380 = DIRECTION ( 'NONE',  ( 1.000000000000000000, 0.000000000000000000, 0.000000000000000000 ) ) ;
#381 = CARTESIAN_POINT ( 'NONE',  ( -31.00000000000000000, -3.796405077356795115E-15, 2.000000000000000000 ) ) ;
#382 = CIRCLE ( 'NONE', #1306, 1.700000000000000178 ) ;
#383 = ORIENTED_EDGE ( 'NONE', *, *, #741, .T. ) ;
#384 = EDGE_CURVE ( 'NONE', #1480, #1184, #698, .T. ) ;
#385 = ORIENTED_EDGE ( 'NONE', *, *, #11, .T. ) ;
#386 = VERTEX_POINT ( 'NONE', #471 ) ;
#387 = PRODUCT_DEFINITION ( 'UNKNOWN', '', #1136, #306 ) ;
#388 = LINE ( 'NONE', #1083, #1436 ) ;
#389 = ORIENTED_EDGE ( 'NONE', *, *, #1017, .F. ) ;
#390 = VERTEX_POINT ( 'NONE', #1162 ) ;
#391 = DIRECTION ( 'NONE',  ( -0.000000000000000000, -0.000000000000000000, 1.000000000000000000 ) ) ;
#392 = ORIENTED_EDGE ( 'NONE', *, *, #531, .T. ) ;
#393 = VERTEX_POINT ( 'NONE', #219 ) ;
#394 = CARTESIAN_POINT ( 'NONE',  ( 15.54999999999999716, -9.000000000000005329, -22.00000000000000000 ) ) ;
#395 = EDGE_LOOP ( 'NONE', ( #1092, #726, #597, #135 ) ) ;
#396 = DIRECTION ( 'NONE',  ( 0.000000000000000000, 1.000000000000000000, 1.224646799147353207E-16 ) ) ;
#397 = DIRECTION ( 'NONE',  ( 1.000000000000000000, 0.000000000000000000, 0.000000000000000000 ) ) ;
#398 = ORIENTED_EDGE ( 'NONE', *, *, #996, .F. ) ;
#399 = AXIS2_PLACEMENT_3D ( 'NONE', #440, #1359, #1042 ) ;
#400 = CARTESIAN_POINT ( 'NONE',  ( 3.839276372235126189, 5.258320959226874258, -7.928932220172619338 ) ) ;
#401 = CARTESIAN_POINT ( 'NONE',  ( 14.74999999999999822, -9.000000000000005329, -22.00000000000000000 ) ) ;
#402 = ORIENTED_EDGE ( 'NONE', *, *, #577, .F. ) ;
#403 = VECTOR ( 'NONE', #184, 1000.000000000000000 ) ;
#404 = FACE_OUTER_BOUND ( 'NONE', #822, .T. ) ;
#405 = DIRECTION ( 'NONE',  ( -1.301042606982605321E-16, -0.000000000000000000, -1.000000000000000000 ) ) ;
#406 = AXIS2_PLACEMENT_3D ( 'NONE', #401, #108, #1466 ) ;
#407 = ORIENTED_EDGE ( 'NONE', *, *, #916, .F. ) ;
#408 = AXIS2_PLACEMENT_3D ( 'NONE', #364, #843, #600 ) ;
#409 = ADVANCED_FACE ( 'NONE', ( #353 ), #827, .T. ) ;
#410 = CARTESIAN_POINT ( 'NONE',  ( 5.000000000000000000, 0.000000000000000000, -10.00000000000000000 ) ) ;
#411 = DIRECTION ( 'NONE',  ( -1.000000000000000000, 0.000000000000000000, 0.000000000000000000 ) ) ;
#412 = EDGE_CURVE ( 'NONE', #969, #26, #1243, .T. ) ;
#413 = ORIENTED_EDGE ( 'NONE', *, *, #720, .F. ) ;
#414 = EDGE_CURVE ( 'NONE', #517, #972, #1319, .T. ) ;
#415 = DIRECTION ( 'NONE',  ( 0.000000000000000000, 1.000000000000000000, 0.000000000000000000 ) ) ;
#416 = PRESENTATION_STYLE_ASSIGNMENT (( #755 ) ) ;
#417 = CYLINDRICAL_SURFACE ( 'NONE', #510, 1.700000000000000178 ) ;
#418 = ORIENTED_EDGE ( 'NONE', *, *, #478, .T. ) ;
#419 = DIRECTION ( 'NONE',  ( -0.000000000000000000, -0.000000000000000000, -1.000000000000000000 ) ) ;
#420 = FACE_OUTER_BOUND ( 'NONE', #639, .T. ) ;
#421 = PRODUCT_CONTEXT ( 'NONE', #1031, 'mechanical' ) ;
#422 = LINE ( 'NONE', #1011, #795 ) ;
#423 = PRODUCT_CONTEXT ( 'NONE', #481, 'mechanical' ) ;
#424 = CLOSED_SHELL ( 'NONE', ( #145, #198, #640, #244, #41, #897, #567, #1439, #540, #838, #963, #644, #891, #63, #1087, #484, #671, #949, #1427, #1163, #1071, #680, #409, #734, #683, #846, #103, #1001, #1478 ) ) ;
#425 = ORIENTED_EDGE ( 'NONE', *, *, #907, .F. ) ;
#426 = AXIS2_PLACEMENT_3D ( 'NONE', #443, #419, #82 ) ;
#427 = PRODUCT_DEFINITION_FORMATION_WITH_SPECIFIED_SOURCE ( 'ANY', '', #491, .NOT_KNOWN. ) ;
#428 =( NAMED_UNIT ( * ) PLANE_ANGLE_UNIT ( ) SI_UNIT ( $, .RADIAN. ) );
#429 = CARTESIAN_POINT ( 'NONE',  ( -15.54999999999999893, -9.000000000000001776, -22.00000000000000000 ) ) ;
#430 = DIRECTION ( 'NONE',  ( 1.000000000000000000, -0.000000000000000000, -0.000000000000000000 ) ) ;
#431 = CARTESIAN_POINT ( 'NONE',  ( -32.70000000000000284, -3.588215121501744890E-15, -32.00000000000001421 ) ) ;
#432 = CONTEXT_DEPENDENT_SHAPE_REPRESENTATION ( #1155, #729 ) ;
#433 = DIRECTION ( 'NONE',  ( 1.000000000000000000, 0.000000000000000000, 0.000000000000000000 ) ) ;
#434 = FACE_BOUND ( 'NONE', #144, .T. ) ;
#435 = ORIENTED_EDGE ( 'NONE', *, *, #702, .F. ) ;
#436 = CARTESIAN_POINT ( 'NONE',  ( 3.839276372235125745, 0.000000000000000000, -10.00000000000000000 ) ) ;
#437 = LINE ( 'NONE', #676, #988 ) ;
#438 = FACE_OUTER_BOUND ( 'NONE', #1082, .T. ) ;
#439 = CARTESIAN_POINT ( 'NONE',  ( -29.30000000000000071, -3.796405077356795115E-15, 2.000000000000000000 ) ) ;
#440 = CARTESIAN_POINT ( 'NONE',  ( 7.592810154713590230E-15, -31.00000000000000000, 0.000000000000000000 ) ) ;
#441 = FACE_OUTER_BOUND ( 'NONE', #1396, .T. ) ;
#442 = ORIENTED_EDGE ( 'NONE', *, *, #1487, .T. ) ;
#443 = CARTESIAN_POINT ( 'NONE',  ( 7.592810154713590230E-15, -31.00000000000000000, 2.000000000000000000 ) ) ;
#444 = VECTOR ( 'NONE', #1178, 1000.000000000000000 ) ;
#445 = DIRECTION ( 'NONE',  ( -1.000000000000000000, 0.000000000000000000, 0.000000000000000000 ) ) ;
#446 = CARTESIAN_POINT ( 'NONE',  ( 5.000000000000000000, 0.000000000000000000, -10.00000000000000000 ) ) ;
#447 = FACE_OUTER_BOUND ( 'NONE', #611, .T. ) ;
#448 = AXIS2_PLACEMENT_3D ( 'NONE', #802, #558, #98 ) ;
#449 = EDGE_CURVE ( 'NONE', #750, #277, #1503, .T. ) ;
#450 = CARTESIAN_POINT ( 'NONE',  ( 5.000000000000000000, 2.500000000000000000, -5.000000000000000000 ) ) ;
#451 =( BOUNDED_CURVE ( )  B_SPLINE_CURVE ( 3, ( #1214, #27, #874, #1091, #259, #165, #1308 ),
 .UNSPECIFIED., .F., .F. ) 
 B_SPLINE_CURVE_WITH_KNOTS ( ( 4, 3, 4 ),
 ( 1.570796312999232613, 3.141592653589793116, 4.712388994180352952 ),
 .UNSPECIFIED. ) 
 CURVE ( )  GEOMETRIC_REPRESENTATION_ITEM ( )  RATIONAL_B_SPLINE_CURVE ( ( 1.000000000000000000, 0.8047378508726957813, 0.8047378508726957813, 1.000000000000000000, 0.8047378508726958923, 0.8047378508726958923, 1.000000000000000000 ) ) 
 REPRESENTATION_ITEM ( '' )  );
#452 = ORIENTED_EDGE ( 'NONE', *, *, #862, .T. ) ;
#453 = VECTOR ( 'NONE', #794, 1000.000000000000000 ) ;
#454 = CIRCLE ( 'NONE', #769, 35.75000000000000000 ) ;
#455 = DIRECTION ( 'NONE',  ( 0.000000000000000000, 0.000000000000000000, -1.000000000000000000 ) ) ;
#456 = ORIENTED_EDGE ( 'NONE', *, *, #884, .F. ) ;
#457 = LINE ( 'NONE', #584, #868 ) ;
#458 = EDGE_CURVE ( 'NONE', #40, #1079, #819, .T. ) ;
#459 = CARTESIAN_POINT ( 'NONE',  ( 5.000000000000000000, 5.258320959226876923, -2.071067779827381550 ) ) ;
#460 = EDGE_CURVE ( 'NONE', #250, #573, #1275, .T. ) ;
#461 = VERTEX_POINT ( 'NONE', #599 ) ;
#462 = DIRECTION ( 'NONE',  ( -1.453678890483357746E-16, -1.000000000000000000, 0.000000000000000000 ) ) ;
#463 = DIRECTION ( 'NONE',  ( -1.453678890483357746E-16, -1.000000000000000000, 0.000000000000000000 ) ) ;
#464 = ORIENTED_EDGE ( 'NONE', *, *, #1468, .F. ) ;
#465 = DIRECTION ( 'NONE',  ( 1.000000000000000000, 0.000000000000000000, 0.000000000000000000 ) ) ;
#466 = DIRECTION ( 'NONE',  ( -9.912705577010325549E-17, -1.000000000000000000, 0.000000000000000000 ) ) ;
#467 = DIRECTION ( 'NONE',  ( -0.000000000000000000, -0.000000000000000000, 1.000000000000000000 ) ) ;
#468 = EDGE_CURVE ( 'NONE', #277, #750, #909, .T. ) ;
#469 = DIRECTION ( 'NONE',  ( 1.000000000000000000, 0.000000000000000000, 0.000000000000000000 ) ) ;
#470 = VERTEX_POINT ( 'NONE', #1051 ) ;
#471 = CARTESIAN_POINT ( 'NONE',  ( 1.699999999999999956, 31.00000000000000000, 0.000000000000000000 ) ) ;
#472 = CARTESIAN_POINT ( 'NONE',  ( 0.000000000000000000, 0.000000000000000000, 2.000000000000000000 ) ) ;
#473 =( LENGTH_UNIT ( ) NAMED_UNIT ( * ) SI_UNIT ( .MILLI., .METRE. ) );
#474 = VECTOR ( 'NONE', #898, 1000.000000000000000 ) ;
#475 = ORIENTED_EDGE ( 'NONE', *, *, #123, .T. ) ;
#476 = FACE_BOUND ( 'NONE', #711, .T. ) ;
#477 = AXIS2_PLACEMENT_3D ( 'NONE', #929, #1383, #100 ) ;
#478 = EDGE_CURVE ( 'NONE', #1307, #218, #363, .T. ) ;
#479 = VERTEX_POINT ( 'NONE', #693 ) ;
#480 = DIRECTION ( 'NONE',  ( 1.000000000000000000, 0.000000000000000000, 0.000000000000000000 ) ) ;
#481 = APPLICATION_CONTEXT ( 'automotive_design' ) ;
#482 = ORIENTED_EDGE ( 'NONE', *, *, #371, .F. ) ;
#483 = AXIS2_PLACEMENT_3D ( 'NONE', #1053, #1380, #1158 ) ;
#484 = ADVANCED_FACE ( 'NONE', ( #127 ), #1297, .F. ) ;
#485 = DIRECTION ( 'NONE',  ( 0.000000000000000000, 0.000000000000000000, -1.000000000000000000 ) ) ;
#486 =( NAMED_UNIT ( * ) PLANE_ANGLE_UNIT ( ) SI_UNIT ( $, .RADIAN. ) );
#487 = EDGE_CURVE ( 'NONE', #1422, #1467, #1393, .T. ) ;
#488 = AXIS2_PLACEMENT_3D ( 'NONE', #1271, #1263, #116 ) ;
#489 = CARTESIAN_POINT ( 'NONE',  ( 31.00000000000000000, -3.796405077356795115E-15, 2.000000000000000000 ) ) ;
#490 = DIRECTION ( 'NONE',  ( -1.000000000000000000, 0.000000000000000000, 1.301042606982605321E-16 ) ) ;
#491 = PRODUCT ( 'pulley_bot_v2', 'pulley_bot_v2', '', ( #423 ) ) ;
#492 = ORIENTED_EDGE ( 'NONE', *, *, #341, .T. ) ;
#493 = ORIENTED_EDGE ( 'NONE', *, *, #806, .F. ) ;
#494 = ORIENTED_EDGE ( 'NONE', *, *, #1150, .F. ) ;
#495 = DIRECTION ( 'NONE',  ( 1.000000000000000000, 0.000000000000000000, 0.000000000000000000 ) ) ;
#496 = DIRECTION ( 'NONE',  ( 1.000000000000000000, 0.000000000000000000, 0.000000000000000000 ) ) ;
#497 = FACE_OUTER_BOUND ( 'NONE', #504, .T. ) ;
#498 = CYLINDRICAL_SURFACE ( 'NONE', #607, 1.700000000000000178 ) ;
#499 = EDGE_LOOP ( 'NONE', ( #258, #407, #673, #1175, #482, #402, #352, #1153 ) ) ;
#500 = ORIENTED_EDGE ( 'NONE', *, *, #186, .F. ) ;
#501 = PRODUCT_DEFINITION_SHAPE ( 'NONE', 'NONE',  #1510 ) ;
#502 = DIRECTION ( 'NONE',  ( 1.000000000000000000, 0.000000000000000000, -0.000000000000000000 ) ) ;
#503 = DIRECTION ( 'NONE',  ( 0.000000000000000000, 0.000000000000000000, 1.000000000000000000 ) ) ;
#504 = EDGE_LOOP ( 'NONE', ( #307, #385, #754, #358, #150, #265 ) ) ;
#505 = DIRECTION ( 'NONE',  ( 0.000000000000000000, -0.000000000000000000, -1.000000000000000000 ) ) ;
#506 = DIRECTION ( 'NONE',  ( -1.000000000000000000, 0.000000000000000000, 0.000000000000000000 ) ) ;
#507 = EDGE_CURVE ( 'NONE', #850, #40, #1291, .T. ) ;
#508 = VERTEX_POINT ( 'NONE', #229 ) ;
#509 = ORIENTED_EDGE ( 'NONE', *, *, #1410, .F. ) ;
#510 = AXIS2_PLACEMENT_3D ( 'NONE', #75, #312, #1357 ) ;
#511 = DIRECTION ( 'NONE',  ( -0.000000000000000000, -0.000000000000000000, -1.000000000000000000 ) ) ;
#512 = ORIENTED_EDGE ( 'NONE', *, *, #1255, .F. ) ;
#513 = DIRECTION ( 'NONE',  ( -1.000000000000000000, -0.000000000000000000, -0.000000000000000000 ) ) ;
#514 = DIRECTION ( 'NONE',  ( 1.000000000000000000, 0.000000000000000000, 0.000000000000000000 ) ) ;
#515 = CONTEXT_DEPENDENT_SHAPE_REPRESENTATION ( #821, #1148 ) ;
#516 = EDGE_CURVE ( 'NONE', #922, #969, #354, .T. ) ;
#517 = VERTEX_POINT ( 'NONE', #1268 ) ;
#518 = ORIENTED_EDGE ( 'NONE', *, *, #753, .T. ) ;
#519 = CARTESIAN_POINT ( 'NONE',  ( 3.839276372235126189, 2.500000000000000000, -3.750000000000000000 ) ) ;
#520 = DIRECTION ( 'NONE',  ( -1.000000000000000000, 1.176083712526648949E-16, 0.000000000000000000 ) ) ;
#521 = LINE ( 'NONE', #974, #1395 ) ;
#522 = EDGE_CURVE ( 'NONE', #547, #17, #160, .T. ) ;
#523 = EDGE_LOOP ( 'NONE', ( #780, #157, #95, #263 ) ) ;
#524 = VERTEX_POINT ( 'NONE', #1157 ) ;
#525 = DIRECTION ( 'NONE',  ( 1.000000000000000000, 0.000000000000000000, 0.000000000000000000 ) ) ;
#526 = DIRECTION ( 'NONE',  ( 1.486905836551548832E-16, 1.000000000000000000, -0.000000000000000000 ) ) ;
#527 = AXIS2_PLACEMENT_3D ( 'NONE', #574, #590, #1050 ) ;
#528 = EDGE_CURVE ( 'NONE', #722, #470, #1406, .T. ) ;
#529 = ORIENTED_EDGE ( 'NONE', *, *, #1272, .T. ) ;
#530 = AXIS2_PLACEMENT_3D ( 'NONE', #1346, #305, #1501 ) ;
#531 = EDGE_CURVE ( 'NONE', #1120, #617, #842, .T. ) ;
#532 = ORIENTED_EDGE ( 'NONE', *, *, #468, .T. ) ;
#533 = AXIS2_PLACEMENT_3D ( 'NONE', #213, #1131, #1350 ) ;
#534 = VECTOR ( 'NONE', #1180, 1000.000000000000000 ) ;
#535 = UNCERTAINTY_MEASURE_WITH_UNIT (LENGTH_MEASURE( 1.000000000000000082E-05 ), #1117, 'distance_accuracy_value', 'NONE');
#536 = VERTEX_POINT ( 'NONE', #951 ) ;
#537 = AXIS2_PLACEMENT_3D ( 'NONE', #1002, #210, #682 ) ;
#538 = FILL_AREA_STYLE ('',( #177 ) ) ;
#539 = CYLINDRICAL_SURFACE ( 'NONE', #379, 1.700000000000000178 ) ;
#540 = ADVANCED_FACE ( 'NONE', ( #243, #1185, #236, #139, #1078, #1502 ), #19, .F. ) ;
#541 = ORIENTED_EDGE ( 'NONE', *, *, #181, .F. ) ;
#542 = CARTESIAN_POINT ( 'NONE',  ( 5.000000000000000000, -2.000000000000000000, -2.449293598294706414E-16 ) ) ;
#543 =( NAMED_UNIT ( * ) PLANE_ANGLE_UNIT ( ) SI_UNIT ( $, .RADIAN. ) );
#544 = APPLICATION_PROTOCOL_DEFINITION ( 'draft international standard', 'automotive_design', 1998, #1031 ) ;
#545 = CARTESIAN_POINT ( 'NONE',  ( 0.000000000000000000, 0.000000000000000000, 2.000000000000000000 ) ) ;
#546 = EDGE_CURVE ( 'NONE', #62, #334, #960, .T. ) ;
#547 = VERTEX_POINT ( 'NONE', #102 ) ;
#548 = DIRECTION ( 'NONE',  ( 1.000000000000000000, 0.000000000000000000, 0.000000000000000000 ) ) ;
#549 = CIRCLE ( 'NONE', #448, 1.250000000000000222 ) ;
#550 = LINE ( 'NONE', #73, #1033 ) ;
#551 = FACE_OUTER_BOUND ( 'NONE', #1182, .T. ) ;
#552 = DIRECTION ( 'NONE',  ( 1.000000000000000000, 0.000000000000000000, 0.000000000000000000 ) ) ;
#553 = VECTOR ( 'NONE', #118, 1000.000000000000000 ) ;
#554 = VECTOR ( 'NONE', #1210, 1000.000000000000000 ) ;
#555 = ORIENTED_EDGE ( 'NONE', *, *, #156, .T. ) ;
#556 = CIRCLE ( 'NONE', #426, 1.700000000000000178 ) ;
#557 = DIRECTION ( 'NONE',  ( 0.000000000000000000, -1.000000000000000000, -1.224646799147353207E-16 ) ) ;
#558 = DIRECTION ( 'NONE',  ( 1.000000000000000000, 0.000000000000000000, -1.301042606982605321E-16 ) ) ;
#559 = DIRECTION ( 'NONE',  ( 1.000000000000000000, 0.000000000000000000, 0.000000000000000000 ) ) ;
#560 = CARTESIAN_POINT ( 'NONE',  ( 1.109703575489245475, 2.500000000000000000, -6.250000000000000000 ) ) ;
#561 = DIRECTION ( 'NONE',  ( -1.000000000000000000, 0.000000000000000000, 0.000000000000000000 ) ) ;
#562 = CARTESIAN_POINT ( 'NONE',  ( -14.75000000000000178, -9.000000000000001776, -10.00000000000000000 ) ) ;
#563 = DIRECTION ( 'NONE',  ( -1.000000000000000000, 0.000000000000000000, 0.000000000000000000 ) ) ;
#564 = LINE ( 'NONE', #429, #474 ) ;
#565 = LINE ( 'NONE', #1010, #50 ) ;
#566 = CARTESIAN_POINT ( 'NONE',  ( -14.74999999999999645, 26.00000000000000355, -22.00000000000000000 ) ) ;
#567 = ADVANCED_FACE ( 'NONE', ( #585 ), #1495, .T. ) ;
#568 = APPLICATION_CONTEXT ( 'automotive_design' ) ;
#569 = PLANE ( 'NONE',  #1039 ) ;
#570 = ORIENTED_EDGE ( 'NONE', *, *, #351, .T. ) ;
#571 = CARTESIAN_POINT ( 'NONE',  ( 5.000000000000000000, -1.500000000000000000, -1.836970198721029934E-16 ) ) ;
#572 = CARTESIAN_POINT ( 'NONE',  ( -14.75000000000000178, -9.000000000000001776, -22.00000000000000000 ) ) ;
#573 = VERTEX_POINT ( 'NONE', #1189 ) ;
#574 = CARTESIAN_POINT ( 'NONE',  ( -17.50000000000000000, 22.00000000000000000, -8.000000000000000000 ) ) ;
#575 = EDGE_CURVE ( 'NONE', #1484, #1448, #451, .T. ) ;
#576 = VECTOR ( 'NONE', #808, 1000.000000000000000 ) ;
#577 = EDGE_CURVE ( 'NONE', #890, #1079, #289, .T. ) ;
#578 = CARTESIAN_POINT ( 'NONE',  ( 5.000000000000000000, -9.769331192309893112E-16, 4.336808689942017736E-15 ) ) ;
#579 = ORIENTED_EDGE ( 'NONE', *, *, #293, .F. ) ;
#580 = DIRECTION ( 'NONE',  ( -1.000000000000000000, 0.000000000000000000, 0.000000000000000000 ) ) ;
#581 = CIRCLE ( 'NONE', #873, 1.700000000000000178 ) ;
#582 = DIRECTION ( 'NONE',  ( 1.000000000000000000, 0.000000000000000000, 0.000000000000000000 ) ) ;
#583 = ORIENTED_EDGE ( 'NONE', *, *, #758, .T. ) ;
#584 = CARTESIAN_POINT ( 'NONE',  ( 1.699999999999999956, 31.00000000000000000, -32.00000000000001421 ) ) ;
#585 = FACE_OUTER_BOUND ( 'NONE', #28, .T. ) ;
#586 = PLANE ( 'NONE',  #280 ) ;
#587 = VERTEX_POINT ( 'NONE', #146 ) ;
#588 = DIRECTION ( 'NONE',  ( -1.000000000000000000, 0.000000000000000000, 1.301042606982605321E-16 ) ) ;
#589 = ORIENTED_EDGE ( 'NONE', *, *, #546, .T. ) ;
#590 = DIRECTION ( 'NONE',  ( -1.000000000000000000, -3.469446951953614189E-16, 0.000000000000000000 ) ) ;
#591 = CARTESIAN_POINT ( 'NONE',  ( -23.49999999999999645, 11.99999999999999822, -8.000000000000000000 ) ) ;
#592 = EDGE_CURVE ( 'NONE', #390, #707, #1174, .T. ) ;
#593 = ORIENTED_EDGE ( 'NONE', *, *, #235, .F. ) ;
#594 = CARTESIAN_POINT ( 'NONE',  ( 5.000000000000000000, 5.258320959226876035, -5.000000000000000000 ) ) ;
#595 = EDGE_LOOP ( 'NONE', ( #643, #89 ) ) ;
#596 = LINE ( 'NONE', #332, #1279 ) ;
#597 = ORIENTED_EDGE ( 'NONE', *, *, #1326, .F. ) ;
#598 = AXIS2_PLACEMENT_3D ( 'NONE', #856, #378, #411 ) ;
#599 = CARTESIAN_POINT ( 'NONE',  ( -32.70000000000000284, -3.588215121501744890E-15, 2.000000000000000000 ) ) ;
#600 = DIRECTION ( 'NONE',  ( 1.000000000000000000, 0.000000000000000000, 0.000000000000000000 ) ) ;
#601 = CARTESIAN_POINT ( 'NONE',  ( 0.000000000000000000, 5.258320959226876923, -7.928932220172620227 ) ) ;
#602 = FACE_OUTER_BOUND ( 'NONE', #1490, .T. ) ;
#603 = VERTEX_POINT ( 'NONE', #1430 ) ;
#604 = CIRCLE ( 'NONE', #871, 35.75000000000000000 ) ;
#605 = ORIENTED_EDGE ( 'NONE', *, *, #1487, .F. ) ;
#606 = EDGE_LOOP ( 'NONE', ( #1089, #613 ) ) ;
#607 = AXIS2_PLACEMENT_3D ( 'NONE', #618, #155, #397 ) ;
#608 = CARTESIAN_POINT ( 'NONE',  ( 5.000000000000000000, -1.500000000000000000, -9.500000000000000000 ) ) ;
#609 = CARTESIAN_POINT ( 'NONE',  ( 43.95773127487367304, 15.36411774945209352, 45.67494136184244979 ) ) ;
#610 = AXIS2_PLACEMENT_3D ( 'NONE', #20, #503, #701 ) ;
#611 = EDGE_LOOP ( 'NONE', ( #1441, #418, #1425, #1100 ) ) ;
#612 = LINE ( 'NONE', #1479, #1205 ) ;
#613 = ORIENTED_EDGE ( 'NONE', *, *, #630, .F. ) ;
#614 =( BOUNDED_CURVE ( )  B_SPLINE_CURVE ( 3, ( #984, #1437, #164, #276, #400, #872, #169 ),
 .UNSPECIFIED., .F., .T. ) 
 B_SPLINE_CURVE_WITH_KNOTS ( ( 4, 3, 4 ),
 ( 1.570796312999233502, 3.141592653589794004, 4.712388994180353841 ),
 .UNSPECIFIED. ) 
 CURVE ( )  GEOMETRIC_REPRESENTATION_ITEM ( )  RATIONAL_B_SPLINE_CURVE ( ( 1.000000000000000000, 0.8047378508726957813, 0.8047378508726957813, 1.000000000000000000, 0.8047378508726958923, 0.8047378508726958923, 1.000000000000000000 ) ) 
 REPRESENTATION_ITEM ( '' )  );
#615 = ORIENTED_EDGE ( 'NONE', *, *, #30, .F. ) ;
#616 = DIRECTION ( 'NONE',  ( 1.000000000000000000, 0.000000000000000000, 0.000000000000000000 ) ) ;
#617 = VERTEX_POINT ( 'NONE', #1104 ) ;
#618 = CARTESIAN_POINT ( 'NONE',  ( 7.592810154713590230E-15, -31.00000000000000000, -32.00000000000001421 ) ) ;
#619 = EDGE_CURVE ( 'NONE', #517, #1161, #388, .T. ) ;
#620 = VERTEX_POINT ( 'NONE', #971 ) ;
#621 = DIRECTION ( 'NONE',  ( -0.000000000000000000, -0.000000000000000000, 1.000000000000000000 ) ) ;
#622 = VERTEX_POINT ( 'NONE', #985 ) ;
#623 = EDGE_CURVE ( 'NONE', #536, #691, #1424, .T. ) ;
#624 = CARTESIAN_POINT ( 'NONE',  ( 0.000000000000000000, 5.522347466801686476E-16, -10.00000000000000533 ) ) ;
#625 = CARTESIAN_POINT ( 'NONE',  ( -17.49999999999999645, 11.99999999999999822, -8.000000000000000000 ) ) ;
#626 = VERTEX_POINT ( 'NONE', #394 ) ;
#627 = ORIENTED_EDGE ( 'NONE', *, *, #507, .T. ) ;
#628 = FACE_OUTER_BOUND ( 'NONE', #499, .T. ) ;
#629 = ORIENTED_EDGE ( 'NONE', *, *, #168, .T. ) ;
#630 = EDGE_CURVE ( 'NONE', #188, #508, #344, .T. ) ;
#631 = DIRECTION ( 'NONE',  ( -1.000000000000000000, 0.000000000000000000, 0.000000000000000000 ) ) ;
#632 = DIRECTION ( 'NONE',  ( 1.486905836551548832E-16, 1.000000000000000000, 0.000000000000000000 ) ) ;
#633 = AXIS2_PLACEMENT_3D ( 'NONE', #815, #696, #563 ) ;
#634 = ORIENTED_EDGE ( 'NONE', *, *, #384, .T. ) ;
#635 = ORIENTED_EDGE ( 'NONE', *, *, #999, .F. ) ;
#636 = PRESENTATION_STYLE_ASSIGNMENT (( #1122 ) ) ;
#637 = VERTEX_POINT ( 'NONE', #1438 ) ;
#638 = DIRECTION ( 'NONE',  ( -0.000000000000000000, -0.000000000000000000, -1.000000000000000000 ) ) ;
#639 = EDGE_LOOP ( 'NONE', ( #413, #492, #1254, #1068, #1377, #541 ) ) ;
#640 = ADVANCED_FACE ( 'NONE', ( #54 ), #539, .F. ) ;
#641 = CARTESIAN_POINT ( 'NONE',  ( 29.30000000000000071, -3.588215121501744890E-15, -32.00000000000001421 ) ) ;
#642 = EDGE_LOOP ( 'NONE', ( #475, #115, #1504, #832 ) ) ;
#643 = ORIENTED_EDGE ( 'NONE', *, *, #1156, .T. ) ;
#644 = ADVANCED_FACE ( 'NONE', ( #628 ), #35, .F. ) ;
#645 = AXIS2_PLACEMENT_3D ( 'NONE', #1474, #203, #65 ) ;
#646 = CARTESIAN_POINT ( 'NONE',  ( 31.00000000000000000, -3.796405077356795115E-15, 0.000000000000000000 ) ) ;
#647 = ORIENTED_EDGE ( 'NONE', *, *, #747, .F. ) ;
#648 = AXIS2_PLACEMENT_3D ( 'NONE', #318, #304, #396 ) ;
#649 = LINE ( 'NONE', #1351, #301 ) ;
#650 = AXIS2_PLACEMENT_3D ( 'NONE', #256, #1310, #514 ) ;
#651 = DIRECTION ( 'NONE',  ( -0.000000000000000000, 1.000000000000000000, 0.000000000000000000 ) ) ;
#652 = ORIENTED_EDGE ( 'NONE', *, *, #1368, .T. ) ;
#653 = CIRCLE ( 'NONE', #1114, 1.249999999999999334 ) ;
#654 = CYLINDRICAL_SURFACE ( 'NONE', #132, 35.75000000000000000 ) ;
#655 = DIRECTION ( 'NONE',  ( -1.301042606982605321E-16, 0.000000000000000000, -1.000000000000000000 ) ) ;
#656 = DIRECTION ( 'NONE',  ( 0.000000000000000000, 1.000000000000000000, 0.000000000000000000 ) ) ;
#657 = ADVANCED_FACE ( 'NONE', ( #299 ), #1352, .T. ) ;
#658 =( BOUNDED_SURFACE ( )  B_SPLINE_SURFACE ( 3, 1, ( 
 ( #239, #812 ),
 ( #1293, #820 ),
 ( #1371, #214 ),
 ( #594, #687 ),
 ( #459, #1149 ),
 ( #1505, #710 ),
 ( #578, #1038 ) ),
 .UNSPECIFIED., .F., .F., .F. ) 
 B_SPLINE_SURFACE_WITH_KNOTS ( ( 4, 3, 4 ),
 ( 2, 2 ),
 ( 0.000000000000000000, 0.5000000000000000000, 1.000000000000000000 ),
 ( 0.000000000000000000, 1.000000000000000000 ),
 .UNSPECIFIED. ) 
 GEOMETRIC_REPRESENTATION_ITEM ( )  RATIONAL_B_SPLINE_SURFACE ( (
 ( 1.000000000000000000, 1.000000000000000000),
 ( 0.8047378508726957813, 0.8047378508726957813),
 ( 0.8047378508726957813, 0.8047378508726957813),
 ( 1.000000000000000000, 1.000000000000000000),
 ( 0.8047378508726957813, 0.8047378508726957813),
 ( 0.8047378508726957813, 0.8047378508726957813),
 ( 1.000000000000000000, 1.000000000000000000) ) ) 
 REPRESENTATION_ITEM ( '' )  SURFACE ( )  );
#659 = DIRECTION ( 'NONE',  ( 1.000000000000000000, -1.115577798055824568E-16, 0.000000000000000000 ) ) ;
#660 = PRODUCT_RELATED_PRODUCT_CATEGORY ( 'part', '', ( #853 ) ) ;
#661 = ORIENTED_EDGE ( 'NONE', *, *, #575, .T. ) ;
#662 = CARTESIAN_POINT ( 'NONE',  ( 0.000000000000000000, -2.000000000000000000, -0.5000000000000002220 ) ) ;
#663 = DIRECTION ( 'NONE',  ( 1.000000000000000000, 0.000000000000000000, 0.000000000000000000 ) ) ;
#664 = CARTESIAN_POINT ( 'NONE',  ( 5.000000000000000000, 2.500000000000000000, -3.750000000000000000 ) ) ;
#665 = LINE ( 'NONE', #1128, #1464 ) ;
#666 = LINE ( 'NONE', #191, #576 ) ;
#667 = DIRECTION ( 'NONE',  ( 0.000000000000000000, 1.000000000000000000, 0.000000000000000000 ) ) ;
#668 = DIRECTION ( 'NONE',  ( -1.000000000000000000, -0.000000000000000000, -0.000000000000000000 ) ) ;
#669 = VECTOR ( 'NONE', #87, 1000.000000000000000 ) ;
#670 = CIRCLE ( 'NONE', #917, 1.699999999999999956 ) ;
#671 = ADVANCED_FACE ( 'NONE', ( #1119, #434, #1253 ), #1000, .F. ) ;
#672 = DIRECTION ( 'NONE',  ( 0.000000000000000000, 0.000000000000000000, -1.000000000000000000 ) ) ;
#673 = ORIENTED_EDGE ( 'NONE', *, *, #1101, .F. ) ;
#674 = CIRCLE ( 'NONE', #6, 0.5000000000000000000 ) ;
#675 = CARTESIAN_POINT ( 'NONE',  ( 5.000000000000000000, 0.000000000000000000, 0.000000000000000000 ) ) ;
#676 = CARTESIAN_POINT ( 'NONE',  ( 0.000000000000000000, 0.000000000000000000, -10.00000000000000000 ) ) ;
#677 = CARTESIAN_POINT ( 'NONE',  ( 5.000000000000000000, 5.258320959226876923, -2.071067779827383326 ) ) ;
#678 = LINE ( 'NONE', #1141, #1442 ) ;
#679 = PRODUCT_DEFINITION ( 'UNKNOWN', '', #427, #956 ) ;
#680 = ADVANCED_FACE ( 'NONE', ( #1452 ), #908, .F. ) ;
#681 = LINE ( 'NONE', #331, #1302 ) ;
#682 = DIRECTION ( 'NONE',  ( 0.000000000000000000, 0.000000000000000000, 1.000000000000000000 ) ) ;
#683 = ADVANCED_FACE ( 'NONE', ( #80 ), #569, .T. ) ;
#684 = DIRECTION ( 'NONE',  ( -0.000000000000000000, 1.000000000000000000, -0.000000000000000000 ) ) ;
#685 = ORIENTED_EDGE ( 'NONE', *, *, #412, .T. ) ;
#686 = LINE ( 'NONE', #1028, #968 ) ;
#687 = CARTESIAN_POINT ( 'NONE',  ( 3.839276372235127077, 5.258320959226876035, -5.000000000000000000 ) ) ;
#688 = CARTESIAN_POINT ( 'NONE',  ( 0.000000000000000000, -2.000000000000000000, -2.449293598294706414E-16 ) ) ;
#689 = ADVANCED_FACE ( 'NONE', ( #441 ), #1341, .F. ) ;
#690 = DIRECTION ( 'NONE',  ( -0.000000000000000000, -0.000000000000000000, 1.000000000000000000 ) ) ;
#691 = VERTEX_POINT ( 'NONE', #562 ) ;
#692 = CARTESIAN_POINT ( 'NONE',  ( 0.000000000000000000, 31.00000000000000000, 2.000000000000000000 ) ) ;
#693 = CARTESIAN_POINT ( 'NONE',  ( 15.54999999999999716, -9.000000000000005329, 0.000000000000000000 ) ) ;
#694 = FACE_BOUND ( 'NONE', #995, .T. ) ;
#695 = AXIS2_PLACEMENT_3D ( 'NONE', #1236, #656, #59 ) ;
#696 = DIRECTION ( 'NONE',  ( -0.000000000000000000, -0.000000000000000000, -1.000000000000000000 ) ) ;
#697 = ORIENTED_EDGE ( 'NONE', *, *, #449, .T. ) ;
#698 = LINE ( 'NONE', #1274, #1172 ) ;
#699 = PRODUCT_DEFINITION_SHAPE ( 'NONE', 'NONE',  #774 ) ;
#700 = CARTESIAN_POINT ( 'NONE',  ( 14.75000000000000355, 26.00000000000000000, -22.00000000000000000 ) ) ;
#701 = DIRECTION ( 'NONE',  ( 1.000000000000000000, 0.000000000000000000, 0.000000000000000000 ) ) ;
#702 = EDGE_CURVE ( 'NONE', #9, #731, #101, .T. ) ;
#703 = FACE_OUTER_BOUND ( 'NONE', #1506, .T. ) ;
#704 = FACE_BOUND ( 'NONE', #1428, .T. ) ;
#705 = VERTEX_POINT ( 'NONE', #787 ) ;
#706 = CARTESIAN_POINT ( 'NONE',  ( 3.839276372235126189, 2.500000000000000000, -5.000000000000000000 ) ) ;
#707 = VERTEX_POINT ( 'NONE', #883 ) ;
#708 = CARTESIAN_POINT ( 'NONE',  ( 0.000000000000000000, 0.000000000000000000, 0.000000000000000000 ) ) ;
#709 = FACE_OUTER_BOUND ( 'NONE', #712, .T. ) ;
#710 = CARTESIAN_POINT ( 'NONE',  ( 3.839276372235127077, 3.080253093803577258, 4.040656958307851268E-08 ) ) ;
#711 = EDGE_LOOP ( 'NONE', ( #1324, #882 ) ) ;
#712 = EDGE_LOOP ( 'NONE', ( #847, #1365, #661, #615 ) ) ;
#713 = CARTESIAN_POINT ( 'NONE',  ( 11.25000000000001243, 26.80000000000000071, -13.50000000000000000 ) ) ;
#714 =( NAMED_UNIT ( * ) SI_UNIT ( $, .STERADIAN. ) SOLID_ANGLE_UNIT ( ) );
#715 = VECTOR ( 'NONE', #317, 1000.000000000000000 ) ;
#716 = CARTESIAN_POINT ( 'NONE',  ( -29.30000000000000071, -3.796405077356795115E-15, 0.000000000000000000 ) ) ;
#717 = CARTESIAN_POINT ( 'NONE',  ( -32.70000000000000284, -3.588215121501744890E-15, 0.000000000000000000 ) ) ;
#718 = EDGE_LOOP ( 'NONE', ( #1218, #743, #342, #493 ) ) ;
#719 = VECTOR ( 'NONE', #513, 1000.000000000000000 ) ;
#720 = EDGE_CURVE ( 'NONE', #17, #925, #681, .T. ) ;
#721 = EDGE_LOOP ( 'NONE', ( #361, #464, #975, #1193 ) ) ;
#722 = VERTEX_POINT ( 'NONE', #948 ) ;
#723 = VECTOR ( 'NONE', #130, 1000.000000000000000 ) ;
#724 = CARTESIAN_POINT ( 'NONE',  ( 1.109703575489246585, 0.000000000000000000, 0.000000000000000000 ) ) ;
#725 = AXIS2_PLACEMENT_3D ( 'NONE', #1338, #801, #57 ) ;
#726 = ORIENTED_EDGE ( 'NONE', *, *, #90, .F. ) ;
#727 = PLANE ( 'NONE',  #823 ) ;
#728 = DIRECTION ( 'NONE',  ( -1.000000000000000000, 1.453678890483357746E-16, 0.000000000000000000 ) ) ;
#729 = PRODUCT_DEFINITION_SHAPE ( 'NONE', 'NONE',  #1509 ) ;
#730 = ADVANCED_FACE ( 'NONE', ( #5, #602 ), #586, .T. ) ;
#731 = VERTEX_POINT ( 'NONE', #717 ) ;
#732 = EDGE_LOOP ( 'NONE', ( #51, #1374 ) ) ;
#733 = EDGE_LOOP ( 'NONE', ( #1390, #1458, #42, #928 ) ) ;
#734 = ADVANCED_FACE ( 'NONE', ( #1166 ), #104, .T. ) ;
#735 = ORIENTED_EDGE ( 'NONE', *, *, #460, .F. ) ;
#736 = EDGE_LOOP ( 'NONE', ( #1032, #1208, #147, #300, #456, #840 ) ) ;
#737 = CYLINDRICAL_SURFACE ( 'NONE', #650, 1.249999999999999334 ) ;
#738 = ORIENTED_EDGE ( 'NONE', *, *, #528, .T. ) ;
#739 = ORIENTED_EDGE ( 'NONE', *, *, #194, .T. ) ;
#740 = ORIENTED_EDGE ( 'NONE', *, *, #528, .F. ) ;
#741 = EDGE_CURVE ( 'NONE', #1015, #40, #1046, .T. ) ;
#742 = DIRECTION ( 'NONE',  ( -0.000000000000000000, -0.000000000000000000, -1.000000000000000000 ) ) ;
#743 = ORIENTED_EDGE ( 'NONE', *, *, #302, .T. ) ;
#744 = CARTESIAN_POINT ( 'NONE',  ( 5.000000000000000000, 0.000000000000000000, 0.000000000000000000 ) ) ;
#745 = CARTESIAN_POINT ( 'NONE',  ( 0.000000000000000000, 0.000000000000000000, 2.000000000000000000 ) ) ;
#746 = ORIENTED_EDGE ( 'NONE', *, *, #156, .F. ) ;
#747 = EDGE_CURVE ( 'NONE', #8, #218, #255, .T. ) ;
#748 = SHAPE_DEFINITION_REPRESENTATION ( #1041, #1379 ) ;
#749 = VECTOR ( 'NONE', #391, 1000.000000000000000 ) ;
#750 = VERTEX_POINT ( 'NONE', #837 ) ;
#751 = FACE_OUTER_BOUND ( 'NONE', #1315, .T. ) ;
#752 = LINE ( 'NONE', #845, #1012 ) ;
#753 = EDGE_CURVE ( 'NONE', #1454, #393, #612, .T. ) ;
#754 = ORIENTED_EDGE ( 'NONE', *, *, #1459, .F. ) ;
#755 = SURFACE_STYLE_USAGE ( .BOTH. , #284 ) ;
#756 = EDGE_LOOP ( 'NONE', ( #1054, #1337, #389, #1273 ) ) ;
#757 = CARTESIAN_POINT ( 'NONE',  ( -15.54999999999999893, -9.000000000000001776, -22.00000000000000000 ) ) ;
#758 = EDGE_CURVE ( 'NONE', #25, #282, #1486, .T. ) ;
#759 = ORIENTED_EDGE ( 'NONE', *, *, #1468, .T. ) ;
#760 = DIRECTION ( 'NONE',  ( -1.115577798055824568E-16, -1.000000000000000000, -0.000000000000000000 ) ) ;
#761 =( BOUNDED_CURVE ( )  B_SPLINE_CURVE ( 3, ( #1399, #1287, #241, #1482, #920, #1040, #807 ),
 .UNSPECIFIED., .F., .T. ) 
 B_SPLINE_CURVE_WITH_KNOTS ( ( 4, 3, 4 ),
 ( 1.570796312999232613, 3.141592653589793116, 4.712388994180352952 ),
 .UNSPECIFIED. ) 
 CURVE ( )  GEOMETRIC_REPRESENTATION_ITEM ( )  RATIONAL_B_SPLINE_CURVE ( ( 1.000000000000000000, 0.8047378508726957813, 0.8047378508726957813, 1.000000000000000000, 0.8047378508726958923, 0.8047378508726958923, 1.000000000000000000 ) ) 
 REPRESENTATION_ITEM ( '' )  );
#762 = DIRECTION ( 'NONE',  ( 1.000000000000000000, 0.000000000000000000, 0.000000000000000000 ) ) ;
#763 = EDGE_LOOP ( 'NONE', ( #1305, #738, #233, #368 ) ) ;
#764 = CYLINDRICAL_SURFACE ( 'NONE', #877, 1.699999999999999956 ) ;
#765 = EDGE_CURVE ( 'NONE', #334, #722, #1261, .T. ) ;
#766 = PLANE ( 'NONE',  #297 ) ;
#767 = CARTESIAN_POINT ( 'NONE',  ( 12.50000000000001066, 26.80000000000000071, -13.50000000000000000 ) ) ;
#768 = AXIS2_PLACEMENT_3D ( 'NONE', #43, #1093, #520 ) ;
#769 = AXIS2_PLACEMENT_3D ( 'NONE', #1013, #1465, #433 ) ;
#770 = UNCERTAINTY_MEASURE_WITH_UNIT (LENGTH_MEASURE( 1.000000000000000082E-05 ), #790, 'distance_accuracy_value', 'NONE');
#771 = EDGE_LOOP ( 'NONE', ( #272, #1433, #452, #383 ) ) ;
#772 = CARTESIAN_POINT ( 'NONE',  ( 11.25000000000001243, 26.00000000000000355, -13.50000000000000000 ) ) ;
#773 =( NAMED_UNIT ( * ) SI_UNIT ( $, .STERADIAN. ) SOLID_ANGLE_UNIT ( ) );
#774 = PRODUCT_DEFINITION ( 'UNKNOWN', '', #207, #281 ) ;
#775 = DIRECTION ( 'NONE',  ( -0.000000000000000000, -0.000000000000000000, 1.000000000000000000 ) ) ;
#776 = CARTESIAN_POINT ( 'NONE',  ( -29.30000000000000071, -3.796405077356795115E-15, -32.00000000000001421 ) ) ;
#777 = ADVANCED_FACE ( 'NONE', ( #939 ), #246, .T. ) ;
#778 = ITEM_DEFINED_TRANSFORMATION ( 'NONE', 'NONE', #1183,  #919 ) ;
#779 = FACE_OUTER_BOUND ( 'NONE', #117, .T. ) ;
#780 = ORIENTED_EDGE ( 'NONE', *, *, #1314, .F. ) ;
#781 = DIRECTION ( 'NONE',  ( -1.486905836551548832E-16, -1.000000000000000000, 0.000000000000000000 ) ) ;
#782 = CARTESIAN_POINT ( 'NONE',  ( 0.000000000000000000, 0.000000000000000000, 0.000000000000000000 ) ) ;
#783 = CARTESIAN_POINT ( 'NONE',  ( 35.75000000000000000, 4.378112306951787069E-15, 0.000000000000000000 ) ) ;
#784 = CONTEXT_DEPENDENT_SHAPE_REPRESENTATION ( #896, #813 ) ;
#785 = EDGE_CURVE ( 'NONE', #1184, #1484, #1269, .T. ) ;
#786 = DIRECTION ( 'NONE',  ( 1.000000000000000000, -1.115577798055824568E-16, 0.000000000000000000 ) ) ;
#787 = CARTESIAN_POINT ( 'NONE',  ( 35.75000000000000000, 4.378112306951787069E-15, 2.000000000000000000 ) ) ;
#788 = VECTOR ( 'NONE', #621, 1000.000000000000000 ) ;
#789 = PRODUCT_RELATED_PRODUCT_CATEGORY ( 'part', '', ( #491 ) ) ;
#790 =( LENGTH_UNIT ( ) NAMED_UNIT ( * ) SI_UNIT ( .MILLI., .METRE. ) );
#791 = VECTOR ( 'NONE', #580, 1000.000000000000000 ) ;
#792 = FACE_OUTER_BOUND ( 'NONE', #771, .T. ) ;
#793 = CARTESIAN_POINT ( 'NONE',  ( 31.00000000000000000, -3.796405077356795115E-15, -32.00000000000001421 ) ) ;
#794 = DIRECTION ( 'NONE',  ( 1.000000000000000000, -1.115577798055824568E-16, 0.000000000000000000 ) ) ;
#795 = VECTOR ( 'NONE', #892, 1000.000000000000000 ) ;
#796 = ADVANCED_FACE ( 'NONE', ( #121 ), #658, .F. ) ;
#797 = VECTOR ( 'NONE', #668, 1000.000000000000000 ) ;
#798 = VECTOR ( 'NONE', #918, 1000.000000000000000 ) ;
#799 = CIRCLE ( 'NONE', #1328, 35.75000000000000000 ) ;
#800 = AXIS2_PLACEMENT_3D ( 'NONE', #1483, #325, #927 ) ;
#801 = DIRECTION ( 'NONE',  ( 0.000000000000000000, 0.000000000000000000, 1.000000000000000000 ) ) ;
#802 = CARTESIAN_POINT ( 'NONE',  ( 1.109703575489245697, 2.500000000000000000, -5.000000000000000000 ) ) ;
#803 = ORIENTED_EDGE ( 'NONE', *, *, #414, .F. ) ;
#804 = DIRECTION ( 'NONE',  ( 1.000000000000000000, 0.000000000000000000, 0.000000000000000000 ) ) ;
#805 = DIRECTION ( 'NONE',  ( 1.000000000000000000, 0.000000000000000000, -1.301042606982605321E-16 ) ) ;
#806 = EDGE_CURVE ( 'NONE', #277, #895, #1489, .T. ) ;
#807 = CARTESIAN_POINT ( 'NONE',  ( 1.109703575489246585, 0.000000000000000000, 0.000000000000000000 ) ) ;
#808 = DIRECTION ( 'NONE',  ( -1.000000000000000000, 0.000000000000000000, 0.000000000000000000 ) ) ;
#809 = ORIENTED_EDGE ( 'NONE', *, *, #884, .T. ) ;
#810 = LINE ( 'NONE', #935, #1061 ) ;
#811 = CARTESIAN_POINT ( 'NONE',  ( -17.49999999999999645, -6.071532165918823253E-15, 0.000000000000000000 ) ) ;
#812 = CARTESIAN_POINT ( 'NONE',  ( 3.839276372235127077, 5.522347466801686476E-16, -10.00000000000000533 ) ) ;
#813 = PRODUCT_DEFINITION_SHAPE ( 'NONE', 'NONE',  #1508 ) ;
#814 = ORIENTED_EDGE ( 'NONE', *, *, #1221, .F. ) ;
#815 = CARTESIAN_POINT ( 'NONE',  ( 7.592810154713590230E-15, -31.00000000000000000, 2.000000000000000000 ) ) ;
#816 = CARTESIAN_POINT ( 'NONE',  ( 32.70000000000000284, -3.796405077356795115E-15, -32.00000000000001421 ) ) ;
#817 = ORIENTED_EDGE ( 'NONE', *, *, #522, .F. ) ;
#818 = DIRECTION ( 'NONE',  ( -0.000000000000000000, -0.000000000000000000, 1.000000000000000000 ) ) ;
#819 = LINE ( 'NONE', #111, #190 ) ;
#820 = CARTESIAN_POINT ( 'NONE',  ( 3.839276372235127077, 3.080253093803577702, -10.00000004040656876 ) ) ;
#821 =( REPRESENTATION_RELATIONSHIP ('NONE','NONE', #24, #1379 ) REPRESENTATION_RELATIONSHIP_WITH_TRANSFORMATION ( #973 )SHAPE_REPRESENTATION_RELATIONSHIP( ) );
#822 = EDGE_LOOP ( 'NONE', ( #1266, #92, #685, #859 ) ) ;
#823 = AXIS2_PLACEMENT_3D ( 'NONE', #113, #954, #830 ) ;
#824 = DIRECTION ( 'NONE',  ( 0.000000000000000000, -0.000000000000000000, -1.000000000000000000 ) ) ;
#825 = EDGE_LOOP ( 'NONE', ( #1145, #425, #223, #518 ) ) ;
#826 = VECTOR ( 'NONE', #557, 1000.000000000000000 ) ;
#827 = PLANE ( 'NONE',  #527 ) ;
#828 = CARTESIAN_POINT ( 'NONE',  ( -1.699999999999999956, 31.00000000000000000, -32.00000000000001421 ) ) ;
#829 = DIRECTION ( 'NONE',  ( 1.000000000000000000, 0.000000000000000000, 0.000000000000000000 ) ) ;
#830 = DIRECTION ( 'NONE',  ( 0.000000000000000000, 0.000000000000000000, -1.000000000000000000 ) ) ;
#831 = DIRECTION ( 'NONE',  ( 1.000000000000000000, 0.000000000000000000, 0.000000000000000000 ) ) ;
#832 = ORIENTED_EDGE ( 'NONE', *, *, #916, .T. ) ;
#833 = LINE ( 'NONE', #350, #122 ) ;
#834 = ORIENTED_EDGE ( 'NONE', *, *, #619, .T. ) ;
#835 = CARTESIAN_POINT ( 'NONE',  ( 5.000000000000000000, 2.500000000000000000, -6.250000000000000000 ) ) ;
#836 = DIRECTION ( 'NONE',  ( -1.217349807703022362E-16, -1.000000000000000000, -0.000000000000000000 ) ) ;
#837 = CARTESIAN_POINT ( 'NONE',  ( 10.00000000000001243, 26.80000000000000071, -13.50000000000000000 ) ) ;
#838 = ADVANCED_FACE ( 'NONE', ( #222, #694, #231, #704, #476 ), #357, .T. ) ;
#839 = ORIENTED_EDGE ( 'NONE', *, *, #1156, .F. ) ;
#840 = ORIENTED_EDGE ( 'NONE', *, *, #765, .F. ) ;
#841 = ORIENTED_EDGE ( 'NONE', *, *, #806, .T. ) ;
#842 = LINE ( 'NONE', #724, #1456 ) ;
#843 = DIRECTION ( 'NONE',  ( 0.000000000000000000, 0.000000000000000000, 1.000000000000000000 ) ) ;
#844 = ORIENTED_EDGE ( 'NONE', *, *, #308, .T. ) ;
#845 = CARTESIAN_POINT ( 'NONE',  ( -14.74999999999999645, 26.00000000000000000, -10.00000000000000000 ) ) ;
#846 = ADVANCED_FACE ( 'NONE', ( #1217 ), #498, .F. ) ;
#847 = ORIENTED_EDGE ( 'NONE', *, *, #1335, .F. ) ;
#848 = CLOSED_SHELL ( 'NONE', ( #268, #55, #796, #84, #689, #1200, #657, #37, #1219, #730, #287, #777, #1022, #58 ) ) ;
#849 = ORIENTED_EDGE ( 'NONE', *, *, #1421, .F. ) ;
#850 = VERTEX_POINT ( 'NONE', #44 ) ;
#851 = AXIS2_PLACEMENT_3D ( 'NONE', #254, #112, #829 ) ;
#852 = DIRECTION ( 'NONE',  ( -0.000000000000000000, 0.000000000000000000, 1.000000000000000000 ) ) ;
#853 = PRODUCT ( 'top_transmission', 'top_transmission', '', ( #1289 ) ) ;
#854 = VERTEX_POINT ( 'NONE', #166 ) ;
#855 = ORIENTED_EDGE ( 'NONE', *, *, #720, .T. ) ;
#856 = CARTESIAN_POINT ( 'NONE',  ( 0.000000000000000000, 0.000000000000000000, 2.000000000000000000 ) ) ;
#857 = CARTESIAN_POINT ( 'NONE',  ( 1.109703575489245253, 5.522347466801686476E-16, -10.00000000000000533 ) ) ;
#858 = CARTESIAN_POINT ( 'NONE',  ( 5.000000000000000000, 0.000000000000000000, -10.00000000000000000 ) ) ;
#859 = ORIENTED_EDGE ( 'NONE', *, *, #365, .F. ) ;
#860 = EDGE_LOOP ( 'NONE', ( #260, #593 ) ) ;
#861 = CARTESIAN_POINT ( 'NONE',  ( -15.54999999999999893, -9.000000000000001776, -22.00000000000000000 ) ) ;
#862 = EDGE_CURVE ( 'NONE', #691, #1015, #752, .T. ) ;
#863 = ORIENTED_EDGE ( 'NONE', *, *, #1304, .T. ) ;
#864 = DIRECTION ( 'NONE',  ( -1.000000000000000000, -0.000000000000000000, -0.000000000000000000 ) ) ;
#865 = CARTESIAN_POINT ( 'NONE',  ( 14.74999999999999822, -9.000000000000005329, -22.00000000000000000 ) ) ;
#866 = VECTOR ( 'NONE', #926, 1000.000000000000000 ) ;
#867 = AXIS2_PLACEMENT_3D ( 'NONE', #646, #742, #1112 ) ;
#868 = VECTOR ( 'NONE', #818, 1000.000000000000000 ) ;
#869 = UNCERTAINTY_MEASURE_WITH_UNIT (LENGTH_MEASURE( 1.000000000000000082E-05 ), #346, 'distance_accuracy_value', 'NONE');
#870 = EDGE_LOOP ( 'NONE', ( #1400, #849 ) ) ;
#871 = AXIS2_PLACEMENT_3D ( 'NONE', #782, #1241, #559 ) ;
#872 = CARTESIAN_POINT ( 'NONE',  ( 3.839276372235126189, 3.080253093803576370, -10.00000004040656876 ) ) ;
#873 = AXIS2_PLACEMENT_3D ( 'NONE', #381, #852, #262 ) ;
#874 = CARTESIAN_POINT ( 'NONE',  ( 0.000000000000000000, 5.258320959226876923, -7.928932220172619338 ) ) ;
#875 = DIRECTION ( 'NONE',  ( 0.000000000000000000, -1.000000000000000000, -1.224646799147353207E-16 ) ) ;
#876 = CARTESIAN_POINT ( 'NONE',  ( 7.592810154713590230E-15, -31.00000000000000000, 0.000000000000000000 ) ) ;
#877 = AXIS2_PLACEMENT_3D ( 'NONE', #71, #1016, #1469 ) ;
#878 = ORIENTED_EDGE ( 'NONE', *, *, #1453, .F. ) ;
#879 = AXIS2_PLACEMENT_3D ( 'NONE', #1164, #253, #485 ) ;
#880 =( LENGTH_UNIT ( ) NAMED_UNIT ( * ) SI_UNIT ( .MILLI., .METRE. ) );
#881 = CARTESIAN_POINT ( 'NONE',  ( 0.000000000000000000, -1.500000000000000000, -9.500000000000000000 ) ) ;
#882 = ORIENTED_EDGE ( 'NONE', *, *, #412, .F. ) ;
#883 = CARTESIAN_POINT ( 'NONE',  ( 0.000000000000000000, -2.000000000000000000, -9.500000000000000000 ) ) ;
#884 = EDGE_CURVE ( 'NONE', #722, #1161, #521, .T. ) ;
#885 = ORIENTED_EDGE ( 'NONE', *, *, #21, .F. ) ;
#886 = CARTESIAN_POINT ( 'NONE',  ( 0.000000000000000000, 0.000000000000000000, 0.000000000000000000 ) ) ;
#887 = DIRECTION ( 'NONE',  ( 1.000000000000000000, 0.000000000000000000, -1.301042606982605321E-16 ) ) ;
#888 = LINE ( 'NONE', #1020, #453 ) ;
#889 = CARTESIAN_POINT ( 'NONE',  ( -11.24999999999999289, 28.00000000000000355, -13.50000000000000000 ) ) ;
#890 = VERTEX_POINT ( 'NONE', #865 ) ;
#891 = ADVANCED_FACE ( 'NONE', ( #1317 ), #1409, .F. ) ;
#892 = DIRECTION ( 'NONE',  ( -1.217349807703022362E-16, -1.000000000000000000, -0.000000000000000000 ) ) ;
#893 = CIRCLE ( 'NONE', #275, 35.75000000000000000 ) ;
#894 = DIRECTION ( 'NONE',  ( 1.000000000000000000, 0.000000000000000000, 0.000000000000000000 ) ) ;
#895 = VERTEX_POINT ( 'NONE', #279 ) ;
#896 =( REPRESENTATION_RELATIONSHIP ('NONE','NONE', #24, #179 ) REPRESENTATION_RELATIONSHIP_WITH_TRANSFORMATION ( #1386 )SHAPE_REPRESENTATION_RELATIONSHIP( ) );
#897 = ADVANCED_FACE ( 'NONE', ( #1094 ), #737, .F. ) ;
#898 = DIRECTION ( 'NONE',  ( 0.000000000000000000, 1.000000000000000000, 0.000000000000000000 ) ) ;
#899 = CARTESIAN_POINT ( 'NONE',  ( 0.000000000000000000, 31.00000000000000000, 0.000000000000000000 ) ) ;
#900 = CARTESIAN_POINT ( 'NONE',  ( 29.30000000000000071, -3.588215121501744890E-15, 0.000000000000000000 ) ) ;
#901 = CARTESIAN_POINT ( 'NONE',  ( -14.74999999999999645, 26.00000000000000000, -10.00000000000000000 ) ) ;
#902 = DIRECTION ( 'NONE',  ( 0.000000000000000000, -0.000000000000000000, 1.000000000000000000 ) ) ;
#903 = DIRECTION ( 'NONE',  ( 0.000000000000000000, 0.000000000000000000, -1.000000000000000000 ) ) ;
#904 = CARTESIAN_POINT ( 'NONE',  ( -14.74999999999999645, 26.00000000000000355, -22.00000000000000000 ) ) ;
#905 = FACE_BOUND ( 'NONE', #1215, .T. ) ;
#906 = FACE_OUTER_BOUND ( 'NONE', #523, .T. ) ;
#907 = EDGE_CURVE ( 'NONE', #626, #479, #1086, .T. ) ;
#908 = CYLINDRICAL_SURFACE ( 'NONE', #1252, 1.399999999999998579 ) ;
#909 = CIRCLE ( 'NONE', #1358, 1.249999999999999334 ) ;
#910 = ORIENTED_EDGE ( 'NONE', *, *, #1272, .F. ) ;
#911 = DIRECTION ( 'NONE',  ( 0.000000000000000000, 0.000000000000000000, -1.000000000000000000 ) ) ;
#912 = AXIS2_PLACEMENT_3D ( 'NONE', #310, #1026, #582 ) ;
#913 = LINE ( 'NONE', #904, #715 ) ;
#914 = LINE ( 'NONE', #744, #1064 ) ;
#915 = DIRECTION ( 'NONE',  ( -1.217349807703022362E-16, -1.000000000000000000, 0.000000000000000000 ) ) ;
#916 = EDGE_CURVE ( 'NONE', #1176, #622, #162, .T. ) ;
#917 = AXIS2_PLACEMENT_3D ( 'NONE', #899, #1349, #311 ) ;
#918 = DIRECTION ( 'NONE',  ( -1.000000000000000000, -0.000000000000000000, -0.000000000000000000 ) ) ;
#919 = AXIS2_PLACEMENT_3D ( 'NONE', #1496, #355, #1298 ) ;
#920 = CARTESIAN_POINT ( 'NONE',  ( 1.109703575489245253, 5.258320959226876923, -2.071067779827383326 ) ) ;
#921 = CARTESIAN_POINT ( 'NONE',  ( -23.49999999999999645, 26.94090755709613916, 0.000000000000000000 ) ) ;
#922 = VERTEX_POINT ( 'NONE', #1074 ) ;
#923 = DIRECTION ( 'NONE',  ( -0.000000000000000000, 0.000000000000000000, 1.000000000000000000 ) ) ;
#924 = DIRECTION ( 'NONE',  ( -1.217349807703022362E-16, -1.000000000000000000, -0.000000000000000000 ) ) ;
#925 = VERTEX_POINT ( 'NONE', #858 ) ;
#926 = DIRECTION ( 'NONE',  ( -1.486905836551548832E-16, -1.000000000000000000, 0.000000000000000000 ) ) ;
#927 = DIRECTION ( 'NONE',  ( 1.000000000000000000, 0.000000000000000000, 0.000000000000000000 ) ) ;
#928 = ORIENTED_EDGE ( 'NONE', *, *, #747, .T. ) ;
#929 = CARTESIAN_POINT ( 'NONE',  ( 0.000000000000000000, 31.00000000000000000, 2.000000000000000000 ) ) ;
#930 = CARTESIAN_POINT ( 'NONE',  ( 5.000000000000000000, -1.500000000000000000, -1.836970198721029934E-16 ) ) ;
#931 = CARTESIAN_POINT ( 'NONE',  ( 0.000000000000000000, 0.000000000000000000, 0.000000000000000000 ) ) ;
#932 = ORIENTED_EDGE ( 'NONE', *, *, #522, .T. ) ;
#933 = CARTESIAN_POINT ( 'NONE',  ( -14.74999999999999645, 26.00000000000000355, -22.00000000000000000 ) ) ;
#934 = EDGE_LOOP ( 'NONE', ( #124, #803, #834, #1435 ) ) ;
#935 = CARTESIAN_POINT ( 'NONE',  ( 14.75000000000000000, -9.000000000000001776, -10.00000000000000000 ) ) ;
#936 = MECHANICAL_DESIGN_GEOMETRIC_PRESENTATION_REPRESENTATION (  '', ( #1007 ), #1296 ) ;
#937 = DIRECTION ( 'NONE',  ( -1.115577798055824568E-16, -1.000000000000000000, -0.000000000000000000 ) ) ;
#938 = VERTEX_POINT ( 'NONE', #149 ) ;
#939 = FACE_OUTER_BOUND ( 'NONE', #733, .T. ) ;
#940 = AXIS2_PLACEMENT_3D ( 'NONE', #1203, #728, #1444 ) ;
#941 = DIRECTION ( 'NONE',  ( 1.000000000000000000, 0.000000000000000000, 0.000000000000000000 ) ) ;
#942 = EDGE_CURVE ( 'NONE', #62, #250, #1300, .T. ) ;
#943 = ORIENTED_EDGE ( 'NONE', *, *, #1227, .F. ) ;
#944 =( GEOMETRIC_REPRESENTATION_CONTEXT ( 3 ) GLOBAL_UNCERTAINTY_ASSIGNED_CONTEXT ( ( #770 ) ) GLOBAL_UNIT_ASSIGNED_CONTEXT ( ( #790, #428, #309 ) ) REPRESENTATION_CONTEXT ( 'NONE', 'WORKASPACE' ) );
#945 = DIRECTION ( 'NONE',  ( 0.000000000000000000, 0.000000000000000000, -1.000000000000000000 ) ) ;
#946 = DIRECTION ( 'NONE',  ( -0.01375786826254497136, 0.9999053560516969474, 2.907714445680528765E-16 ) ) ;
#947 = CARTESIAN_POINT ( 'NONE',  ( 1.109703575489245475, 3.080253093803577258, 4.040656958307851268E-08 ) ) ;
#948 = CARTESIAN_POINT ( 'NONE',  ( -23.49999999999999645, 11.99999999999999822, 0.000000000000000000 ) ) ;
#949 = ADVANCED_FACE ( 'NONE', ( #32 ), #373, .F. ) ;
#950 = ORIENTED_EDGE ( 'NONE', *, *, #1170, .F. ) ;
#951 = CARTESIAN_POINT ( 'NONE',  ( -14.75000000000000178, -9.000000000000001776, -22.00000000000000000 ) ) ;
#952 = SHAPE_REPRESENTATION_RELATIONSHIP ( 'NONE' , 'NONE' ,  #1379, #1225 ) ;
#953 = EDGE_CURVE ( 'NONE', #334, #573, #271, .T. ) ;
#954 = DIRECTION ( 'NONE',  ( 1.000000000000000000, 0.000000000000000000, 0.000000000000000000 ) ) ;
#955 = CARTESIAN_POINT ( 'NONE',  ( 14.75000000000000355, 26.00000000000000000, -22.00000000000000000 ) ) ;
#956 = PRODUCT_DEFINITION_CONTEXT ( 'detailed design', #266, 'design' ) ;
#957 = PRODUCT_DEFINITION_SHAPE ( 'NONE', 'NONE',  #679 ) ;
#958 = ORIENTED_EDGE ( 'NONE', *, *, #200, .T. ) ;
#959 = ORIENTED_EDGE ( 'NONE', *, *, #741, .F. ) ;
#960 = LINE ( 'NONE', #811, #553 ) ;
#961 = DIRECTION ( 'NONE',  ( -0.9999161876585984654, 0.01294672384406524504, 2.552649234136139144E-16 ) ) ;
#962 = EDGE_LOOP ( 'NONE', ( #141, #1398, #509, #878 ) ) ;
#963 = ADVANCED_FACE ( 'NONE', ( #1187 ), #1432, .T. ) ;
#964 = CIRCLE ( 'NONE', #1320, 1.399999999999998579 ) ;
#965 = CARTESIAN_POINT ( 'NONE',  ( 1.109703575489245475, 3.080253093803577702, -10.00000004040656876 ) ) ;
#966 = LINE ( 'NONE', #987, #3 ) ;
#967 = ORIENTED_EDGE ( 'NONE', *, *, #11, .F. ) ;
#968 = VECTOR ( 'NONE', #1450, 1000.000000000000000 ) ;
#969 = VERTEX_POINT ( 'NONE', #1099 ) ;
#970 = AXIS2_PLACEMENT_3D ( 'NONE', #931, #339, #831 ) ;
#971 = CARTESIAN_POINT ( 'NONE',  ( -1.699999999999992628, -31.00000000000000000, 2.000000000000000000 ) ) ;
#972 = VERTEX_POINT ( 'NONE', #286 ) ;
#973 = ITEM_DEFINED_TRANSFORMATION ( 'NONE', 'NONE', #408,  #919 ) ;
#974 = CARTESIAN_POINT ( 'NONE',  ( -23.49999999999999645, 0.000000000000000000, 0.000000000000000000 ) ) ;
#975 = ORIENTED_EDGE ( 'NONE', *, *, #365, .T. ) ;
#976 = EDGE_CURVE ( 'NONE', #617, #1480, #966, .T. ) ;
#977 = ORIENTED_EDGE ( 'NONE', *, *, #1311, .T. ) ;
#978 = DIRECTION ( 'NONE',  ( -0.000000000000000000, 0.000000000000000000, 1.000000000000000000 ) ) ;
#979 = DIRECTION ( 'NONE',  ( 0.000000000000000000, 0.000000000000000000, -1.000000000000000000 ) ) ;
#980 = CARTESIAN_POINT ( 'NONE',  ( 31.00000000000000000, -3.796405077356795115E-15, 0.000000000000000000 ) ) ;
#981 = DIRECTION ( 'NONE',  ( 1.000000000000000000, 0.000000000000000000, -0.000000000000000000 ) ) ;
#982 = ORIENTED_EDGE ( 'NONE', *, *, #702, .T. ) ;
#983 = ORIENTED_EDGE ( 'NONE', *, *, #1415, .F. ) ;
#984 = CARTESIAN_POINT ( 'NONE',  ( 3.839276372235127077, 0.000000000000000000, 0.000000000000000000 ) ) ;
#985 = CARTESIAN_POINT ( 'NONE',  ( -15.54999999999999893, -9.000000000000001776, 0.000000000000000000 ) ) ;
#986 = PLANE ( 'NONE',  #648 ) ;
#987 = CARTESIAN_POINT ( 'NONE',  ( 3.839276372235125745, 0.000000000000000000, -10.00000000000000000 ) ) ;
#988 = VECTOR ( 'NONE', #684, 1000.000000000000000 ) ;
#989 = VECTOR ( 'NONE', #1267, 1000.000000000000000 ) ;
#990 = ORIENTED_EDGE ( 'NONE', *, *, #1150, .T. ) ;
#991 = VECTOR ( 'NONE', #864, 1000.000000000000000 ) ;
#992 = DIRECTION ( 'NONE',  ( 1.000000000000000000, 0.000000000000000000, 0.000000000000000000 ) ) ;
#993 = CIRCLE ( 'NONE', #1369, 1.700000000000000178 ) ;
#994 = DIRECTION ( 'NONE',  ( 1.000000000000000000, 0.000000000000000000, 0.000000000000000000 ) ) ;
#995 = EDGE_LOOP ( 'NONE', ( #863, #1137 ) ) ;
#996 = EDGE_CURVE ( 'NONE', #1160, #854, #993, .T. ) ;
#997 = DIRECTION ( 'NONE',  ( -0.000000000000000000, -0.000000000000000000, 1.000000000000000000 ) ) ;
#998 = DIRECTION ( 'NONE',  ( -1.000000000000000000, 0.000000000000000000, 0.000000000000000000 ) ) ;
#999 = EDGE_CURVE ( 'NONE', #461, #242, #581, .T. ) ;
#1000 = PLANE ( 'NONE',  #324 ) ;
#1001 = ADVANCED_FACE ( 'NONE', ( #779 ), #314, .F. ) ;
#1002 = CARTESIAN_POINT ( 'NONE',  ( 3.839276372235126189, 2.500000000000000000, -5.000000000000000000 ) ) ;
#1003 = DIRECTION ( 'NONE',  ( 1.000000000000000000, 0.000000000000000000, 0.000000000000000000 ) ) ;
#1004 = DIRECTION ( 'NONE',  ( -1.217349807703022362E-16, -1.000000000000000000, -0.000000000000000000 ) ) ;
#1005 = EDGE_CURVE ( 'NONE', #282, #62, #454, .T. ) ;
#1006 = EDGE_LOOP ( 'NONE', ( #1447, #1353, #841, #1313 ) ) ;
#1007 = STYLED_ITEM ( 'NONE', ( #416 ), #1231 ) ;
#1008 = DIRECTION ( 'NONE',  ( -1.000000000000000000, -0.000000000000000000, -0.000000000000000000 ) ) ;
#1009 = CARTESIAN_POINT ( 'NONE',  ( 14.75000000000000000, -9.000000000000001776, -10.00000000000000000 ) ) ;
#1010 = CARTESIAN_POINT ( 'NONE',  ( 5.000000000000000000, -2.000000000000000000, -9.500000000000000000 ) ) ;
#1011 = CARTESIAN_POINT ( 'NONE',  ( -12.64999999999999147, 28.00000000000000355, -13.50000000000000000 ) ) ;
#1012 = VECTOR ( 'NONE', #526, 1000.000000000000000 ) ;
#1013 = CARTESIAN_POINT ( 'NONE',  ( 0.000000000000000000, 0.000000000000000000, 0.000000000000000000 ) ) ;
#1014 = UNCERTAINTY_MEASURE_WITH_UNIT (LENGTH_MEASURE( 1.000000000000000082E-05 ), #880, 'distance_accuracy_value', 'NONE');
#1015 = VERTEX_POINT ( 'NONE', #901 ) ;
#1016 = DIRECTION ( 'NONE',  ( -0.000000000000000000, -0.000000000000000000, 1.000000000000000000 ) ) ;
#1017 = EDGE_CURVE ( 'NONE', #603, #1454, #649, .T. ) ;
#1018 = CARTESIAN_POINT ( 'NONE',  ( -14.74999999999999645, 26.00000000000000355, -22.00000000000000000 ) ) ;
#1019 = CARTESIAN_POINT ( 'NONE',  ( 5.000000000000000000, 0.000000000000000000, -10.00000000000000000 ) ) ;
#1020 = CARTESIAN_POINT ( 'NONE',  ( -15.54999999999999893, 26.80000000000000426, 0.000000000000000000 ) ) ;
#1021 = VECTOR ( 'NONE', #1283, 1000.000000000000000 ) ;
#1022 = ADVANCED_FACE ( 'NONE', ( #195 ), #1133, .T. ) ;
#1023 = DIRECTION ( 'NONE',  ( -1.115577798055824568E-16, -1.000000000000000000, 0.000000000000000000 ) ) ;
#1024 = VERTEX_POINT ( 'NONE', #1473 ) ;
#1025 = DIRECTION ( 'NONE',  ( -1.000000000000000000, 0.000000000000000000, -0.000000000000000000 ) ) ;
#1026 = DIRECTION ( 'NONE',  ( -1.115577798055824568E-16, -1.000000000000000000, -0.000000000000000000 ) ) ;
#1027 = CARTESIAN_POINT ( 'NONE',  ( 14.74999999999999822, -9.000000000000005329, 0.000000000000000000 ) ) ;
#1028 = CARTESIAN_POINT ( 'NONE',  ( 1.109703575489245253, 0.000000000000000000, -10.00000000000000000 ) ) ;
#1029 = SHAPE_DEFINITION_REPRESENTATION ( #699, #24 ) ;
#1030 = DIRECTION ( 'NONE',  ( 1.000000000000000000, 0.000000000000000000, 0.000000000000000000 ) ) ;
#1031 = APPLICATION_CONTEXT ( 'automotive_design' ) ;
#1032 = ORIENTED_EDGE ( 'NONE', *, *, #546, .F. ) ;
#1033 = VECTOR ( 'NONE', #1144, 1000.000000000000000 ) ;
#1034 = DIRECTION ( 'NONE',  ( -1.000000000000000000, 0.000000000000000000, 0.000000000000000000 ) ) ;
#1035 = EDGE_LOOP ( 'NONE', ( #589, #1190, #735, #215 ) ) ;
#1036 = DIRECTION ( 'NONE',  ( -1.000000000000000000, 0.000000000000000000, 0.000000000000000000 ) ) ;
#1037 = EDGE_CURVE ( 'NONE', #854, #1160, #1361, .T. ) ;
#1038 = CARTESIAN_POINT ( 'NONE',  ( 3.839276372235127077, -9.769331192309893112E-16, 4.336808689942017736E-15 ) ) ;
#1039 = AXIS2_PLACEMENT_3D ( 'NONE', #187, #1347, #1336 ) ;
#1040 = CARTESIAN_POINT ( 'NONE',  ( 1.109703575489245253, 3.080253093803579478, 4.040656698166410249E-08 ) ) ;
#1041 = PRODUCT_DEFINITION_SHAPE ( 'NONE', 'NONE',  #387 ) ;
#1042 = DIRECTION ( 'NONE',  ( 1.000000000000000000, 0.000000000000000000, 0.000000000000000000 ) ) ;
#1043 = ORIENTED_EDGE ( 'NONE', *, *, #1281, .T. ) ;
#1044 = CARTESIAN_POINT ( 'NONE',  ( 5.000000000000000000, -1.500000000000000000, -10.00000000000000000 ) ) ;
#1045 = CARTESIAN_POINT ( 'NONE',  ( -17.50000000000000000, 22.00000000000000000, 2.000000000000000000 ) ) ;
#1046 = LINE ( 'NONE', #367, #723 ) ;
#1047 = EDGE_CURVE ( 'NONE', #1454, #626, #211, .T. ) ;
#1048 = DIRECTION ( 'NONE',  ( 1.486905836551548832E-16, 1.000000000000000000, -0.000000000000000000 ) ) ;
#1049 = ORIENTED_EDGE ( 'NONE', *, *, #308, .F. ) ;
#1050 = DIRECTION ( 'NONE',  ( 3.469446951953614189E-16, -1.000000000000000000, 0.000000000000000000 ) ) ;
#1051 = CARTESIAN_POINT ( 'NONE',  ( -23.49999999999999645, 11.99999999999999822, 2.000000000000000000 ) ) ;
#1052 = ORIENTED_EDGE ( 'NONE', *, *, #1037, .F. ) ;
#1053 = CARTESIAN_POINT ( 'NONE',  ( -17.49999999999999645, 11.99999999999999822, -8.000000000000000000 ) ) ;
#1054 = ORIENTED_EDGE ( 'NONE', *, *, #247, .T. ) ;
#1055 = VECTOR ( 'NONE', #370, 1000.000000000000000 ) ;
#1056 = DIRECTION ( 'NONE',  ( -0.000000000000000000, 0.000000000000000000, 1.000000000000000000 ) ) ;
#1057 = ORIENTED_EDGE ( 'NONE', *, *, #507, .F. ) ;
#1058 = CARTESIAN_POINT ( 'NONE',  ( 0.000000000000000000, 0.000000000000000000, 0.000000000000000000 ) ) ;
#1059 = CIRCLE ( 'NONE', #800, 1.399999999999998579 ) ;
#1060 = DIRECTION ( 'NONE',  ( -0.000000000000000000, -0.000000000000000000, 1.000000000000000000 ) ) ;
#1061 = VECTOR ( 'NONE', #1036, 1000.000000000000000 ) ;
#1062 = CARTESIAN_POINT ( 'NONE',  ( 1.109703575489245919, 2.500000000000000000, -3.750000000000000000 ) ) ;
#1063 = DIRECTION ( 'NONE',  ( -0.000000000000000000, 1.000000000000000000, -0.000000000000000000 ) ) ;
#1064 = VECTOR ( 'NONE', #875, 1000.000000000000000 ) ;
#1065 = EDGE_CURVE ( 'NONE', #390, #1484, #437, .T. ) ;
#1066 = AXIS2_PLACEMENT_3D ( 'NONE', #1497, #805, #1285 ) ;
#1067 = VERTEX_POINT ( 'NONE', #85 ) ;
#1068 = ORIENTED_EDGE ( 'NONE', *, *, #785, .F. ) ;
#1069 = VECTOR ( 'NONE', #1008, 1000.000000000000000 ) ;
#1070 = VERTEX_POINT ( 'NONE', #1240 ) ;
#1071 = ADVANCED_FACE ( 'NONE', ( #1492 ), #1355, .F. ) ;
#1072 = DIRECTION ( 'NONE',  ( 1.000000000000000000, 0.000000000000000000, 0.000000000000000000 ) ) ;
#1073 = EDGE_LOOP ( 'NONE', ( #285, #1043, #958, #225, #1115, #1331, #1282, #1206 ) ) ;
#1074 = CARTESIAN_POINT ( 'NONE',  ( -1.699999999999999956, 31.00000000000000000, 0.000000000000000000 ) ) ;
#1075 = VECTOR ( 'NONE', #1, 1000.000000000000000 ) ;
#1076 = ORIENTED_EDGE ( 'NONE', *, *, #1005, .T. ) ;
#1077 = EDGE_CURVE ( 'NONE', #972, #25, #550, .T. ) ;
#1078 = FACE_OUTER_BOUND ( 'NONE', #736, .T. ) ;
#1079 = VERTEX_POINT ( 'NONE', #1009 ) ;
#1080 = DIRECTION ( 'NONE',  ( 1.000000000000000000, -1.486905836551548832E-16, 0.000000000000000000 ) ) ;
#1081 = EDGE_LOOP ( 'NONE', ( #1258, #983 ) ) ;
#1082 = EDGE_LOOP ( 'NONE', ( #627, #959, #950, #292 ) ) ;
#1083 = CARTESIAN_POINT ( 'NONE',  ( -23.49999999999999645, 26.94090755709613916, 2.000000000000000000 ) ) ;
#1084 = EDGE_LOOP ( 'NONE', ( #49, #392, #208, #634 ) ) ;
#1085 = ORIENTED_EDGE ( 'NONE', *, *, #1498, .F. ) ;
#1086 = LINE ( 'NONE', #23, #554 ) ;
#1087 = ADVANCED_FACE ( 'NONE', ( #1129 ), #91, .F. ) ;
#1088 = ORIENTED_EDGE ( 'NONE', *, *, #293, .T. ) ;
#1089 = ORIENTED_EDGE ( 'NONE', *, *, #79, .F. ) ;
#1090 = CIRCLE ( 'NONE', #633, 1.700000000000000178 ) ;
#1091 = CARTESIAN_POINT ( 'NONE',  ( 0.000000000000000000, 5.258320959226876035, -5.000000000000000000 ) ) ;
#1092 = ORIENTED_EDGE ( 'NONE', *, *, #123, .F. ) ;
#1093 = DIRECTION ( 'NONE',  ( 1.176083712526648949E-16, 1.000000000000000000, 0.000000000000000000 ) ) ;
#1094 = FACE_OUTER_BOUND ( 'NONE', #718, .T. ) ;
#1095 = ORIENTED_EDGE ( 'NONE', *, *, #1392, .T. ) ;
#1096 = CARTESIAN_POINT ( 'NONE',  ( 14.74999999999999822, -9.000000000000005329, -22.00000000000000000 ) ) ;
#1097 = EDGE_LOOP ( 'NONE', ( #1412, #1108, #1188, #1416, #143, #1226 ) ) ;
#1098 = FACE_BOUND ( 'NONE', #1081, .T. ) ;
#1099 = CARTESIAN_POINT ( 'NONE',  ( -1.699999999999999956, 31.00000000000000000, 2.000000000000000000 ) ) ;
#1100 = ORIENTED_EDGE ( 'NONE', *, *, #228, .F. ) ;
#1101 = EDGE_CURVE ( 'NONE', #536, #1176, #333, .T. ) ;
#1102 = CARTESIAN_POINT ( 'NONE',  ( -11.24999999999999289, 26.80000000000000426, -13.50000000000000000 ) ) ;
#1103 = AXIS2_PLACEMENT_3D ( 'NONE', #472, #1385, #616 ) ;
#1104 = CARTESIAN_POINT ( 'NONE',  ( 3.839276372235127077, 0.000000000000000000, 0.000000000000000000 ) ) ;
#1105 = ORIENTED_EDGE ( 'NONE', *, *, #976, .F. ) ;
#1106 = COLOUR_RGB ( '',0.7921568627450980005, 0.8196078431372548767, 0.9333333333333333481 ) ;
#1107 = EDGE_CURVE ( 'NONE', #524, #587, #1059, .T. ) ;
#1108 = ORIENTED_EDGE ( 'NONE', *, *, #487, .T. ) ;
#1109 = CIRCLE ( 'NONE', #1301, 1.249999999999999334 ) ;
#1110 = LINE ( 'NONE', #641, #1245 ) ;
#1111 = AXIS2_PLACEMENT_3D ( 'NONE', #745, #1426, #981 ) ;
#1112 = DIRECTION ( 'NONE',  ( 1.000000000000000000, 0.000000000000000000, 0.000000000000000000 ) ) ;
#1113 = EDGE_CURVE ( 'NONE', #573, #470, #666, .T. ) ;
#1114 = AXIS2_PLACEMENT_3D ( 'NONE', #772, #303, #548 ) ;
#1115 = ORIENTED_EDGE ( 'NONE', *, *, #1101, .T. ) ;
#1116 = CARTESIAN_POINT ( 'NONE',  ( 15.55000000000000249, 26.80000000000000071, -22.00000000000000000 ) ) ;
#1117 =( LENGTH_UNIT ( ) NAMED_UNIT ( * ) SI_UNIT ( .MILLI., .METRE. ) );
#1118 = DIRECTION ( 'NONE',  ( -0.000000000000000000, -0.000000000000000000, 1.000000000000000000 ) ) ;
#1119 = FACE_BOUND ( 'NONE', #595, .T. ) ;
#1120 = VERTEX_POINT ( 'NONE', #1461 ) ;
#1121 = CARTESIAN_POINT ( 'NONE',  ( 0.000000000000000000, -1.500000000000000000, -1.836970198721029934E-16 ) ) ;
#1122 = SURFACE_STYLE_USAGE ( .BOTH. , #295 ) ;
#1123 = LINE ( 'NONE', #1027, #991 ) ;
#1124 = LINE ( 'NONE', #566, #1181 ) ;
#1125 = EDGE_CURVE ( 'NONE', #1176, #603, #564, .T. ) ;
#1126 = CIRCLE ( 'NONE', #1440, 1.250000000000000222 ) ;
#1127 = VECTOR ( 'NONE', #1154, 1000.000000000000000 ) ;
#1128 = CARTESIAN_POINT ( 'NONE',  ( 1.700000000000007727, -31.00000000000000000, -32.00000000000001421 ) ) ;
#1129 = FACE_OUTER_BOUND ( 'NONE', #99, .T. ) ;
#1130 = PLANE ( 'NONE',  #768 ) ;
#1131 = DIRECTION ( 'NONE',  ( -0.000000000000000000, -0.000000000000000000, 1.000000000000000000 ) ) ;
#1132 = VECTOR ( 'NONE', #924, 1000.000000000000000 ) ;
#1133 = CYLINDRICAL_SURFACE ( 'NONE', #374, 0.5000000000000000000 ) ;
#1134 = CIRCLE ( 'NONE', #725, 1.699999999999999956 ) ;
#1135 = DIRECTION ( 'NONE',  ( -1.217349807703022362E-16, -1.000000000000000000, -0.000000000000000000 ) ) ;
#1136 = PRODUCT_DEFINITION_FORMATION_WITH_SPECIFIED_SOURCE ( 'ANY', '', #1373, .NOT_KNOWN. ) ;
#1137 = ORIENTED_EDGE ( 'NONE', *, *, #21, .T. ) ;
#1138 = LINE ( 'NONE', #294, #158 ) ;
#1139 = LINE ( 'NONE', #816, #1177 ) ;
#1140 = CARTESIAN_POINT ( 'NONE',  ( -15.54999999999999893, -9.000000000000001776, 0.000000000000000000 ) ) ;
#1141 = CARTESIAN_POINT ( 'NONE',  ( -9.849999999999994316, 28.00000000000000355, -13.50000000000000000 ) ) ;
#1142 = ORIENTED_EDGE ( 'NONE', *, *, #1372, .F. ) ;
#1143 = FACE_OUTER_BOUND ( 'NONE', #721, .T. ) ;
#1144 = DIRECTION ( 'NONE',  ( -0.000000000000000000, -0.000000000000000000, -1.000000000000000000 ) ) ;
#1145 = ORIENTED_EDGE ( 'NONE', *, *, #1326, .T. ) ;
#1146 = CARTESIAN_POINT ( 'NONE',  ( 10.00000000000001243, 26.00000000000000355, -13.50000000000000000 ) ) ;
#1147 = EDGE_CURVE ( 'NONE', #218, #8, #549, .T. ) ;
#1148 = PRODUCT_DEFINITION_SHAPE ( 'NONE', 'NONE',  #1507 ) ;
#1149 = CARTESIAN_POINT ( 'NONE',  ( 3.839276372235127077, 5.258320959226876923, -2.071067779827381550 ) ) ;
#1150 = EDGE_CURVE ( 'NONE', #508, #1070, #1139, .T. ) ;
#1151 = CARTESIAN_POINT ( 'NONE',  ( 3.839276372235126189, 2.500000000000000000, -6.250000000000000000 ) ) ;
#1152 = DIRECTION ( 'NONE',  ( -1.000000000000000000, 1.486905836551548832E-16, 0.000000000000000000 ) ) ;
#1153 = ORIENTED_EDGE ( 'NONE', *, *, #907, .T. ) ;
#1154 = DIRECTION ( 'NONE',  ( -0.000000000000000000, -0.000000000000000000, -1.000000000000000000 ) ) ;
#1155 =( REPRESENTATION_RELATIONSHIP ('NONE','NONE', #24, #179 ) REPRESENTATION_RELATIONSHIP_WITH_TRANSFORMATION ( #778 )SHAPE_REPRESENTATION_RELATIONSHIP( ) );
#1156 = EDGE_CURVE ( 'NONE', #938, #637, #1413, .T. ) ;
#1157 = CARTESIAN_POINT ( 'NONE',  ( -12.64999999999999147, 26.00000000000000355, -13.50000000000000000 ) ) ;
#1158 = DIRECTION ( 'NONE',  ( 0.000000000000000000, -0.000000000000000000, 1.000000000000000000 ) ) ;
#1159 = AXIS2_PLACEMENT_3D ( 'NONE', #142, #638, #506 ) ;
#1160 = VERTEX_POINT ( 'NONE', #1470 ) ;
#1161 = VERTEX_POINT ( 'NONE', #921 ) ;
#1162 = CARTESIAN_POINT ( 'NONE',  ( 0.000000000000000000, -1.500000000000000000, -10.00000000000000000 ) ) ;
#1163 = ADVANCED_FACE ( 'NONE', ( #792 ), #1247, .T. ) ;
#1164 = CARTESIAN_POINT ( 'NONE',  ( -15.54999999999999893, -9.000000000000001776, -22.00000000000000000 ) ) ;
#1165 =( NAMED_UNIT ( * ) PLANE_ANGLE_UNIT ( ) SI_UNIT ( $, .RADIAN. ) );
#1166 = FACE_OUTER_BOUND ( 'NONE', #763, .T. ) ;
#1167 = CARTESIAN_POINT ( 'NONE',  ( 0.000000000000000000, 0.000000000000000000, 2.000000000000000000 ) ) ;
#1168 = EDGE_LOOP ( 'NONE', ( #264, #369, #1057, #1318 ) ) ;
#1169 = DIRECTION ( 'NONE',  ( 0.000000000000000000, 0.000000000000000000, 1.000000000000000000 ) ) ;
#1170 = EDGE_CURVE ( 'NONE', #1262, #1015, #913, .T. ) ;
#1171 = CARTESIAN_POINT ( 'NONE',  ( 1.109703575489245475, 5.258320959226876923, -7.928932220172620227 ) ) ;
#1172 = VECTOR ( 'NONE', #109, 1000.000000000000000 ) ;
#1173 = EDGE_CURVE ( 'NONE', #603, #1290, #1364, .T. ) ;
#1174 = CIRCLE ( 'NONE', #46, 0.5000000000000004441 ) ;
#1175 = ORIENTED_EDGE ( 'NONE', *, *, #623, .T. ) ;
#1176 = VERTEX_POINT ( 'NONE', #861 ) ;
#1177 = VECTOR ( 'NONE', #1265, 1000.000000000000000 ) ;
#1178 = DIRECTION ( 'NONE',  ( -1.000000000000000000, 0.000000000000000000, 0.000000000000000000 ) ) ;
#1179 = CARTESIAN_POINT ( 'NONE',  ( 14.75000000000000355, 26.00000000000000000, -10.00000000000000000 ) ) ;
#1180 = DIRECTION ( 'NONE',  ( -1.000000000000000000, 0.000000000000000000, 0.000000000000000000 ) ) ;
#1181 = VECTOR ( 'NONE', #93, 1000.000000000000000 ) ;
#1182 = EDGE_LOOP ( 'NONE', ( #817, #746, #129, #1211 ) ) ;
#1183 = AXIS2_PLACEMENT_3D ( 'NONE', #609, #119, #946 ) ;
#1184 = VERTEX_POINT ( 'NONE', #1207 ) ;
#1185 = FACE_BOUND ( 'NONE', #606, .T. ) ;
#1186 = DIRECTION ( 'NONE',  ( 1.000000000000000000, 0.000000000000000000, 0.000000000000000000 ) ) ;
#1187 = FACE_OUTER_BOUND ( 'NONE', #934, .T. ) ;
#1188 = ORIENTED_EDGE ( 'NONE', *, *, #131, .F. ) ;
#1189 = CARTESIAN_POINT ( 'NONE',  ( -17.49999999999999645, 11.99999999999999822, 2.000000000000000000 ) ) ;
#1190 = ORIENTED_EDGE ( 'NONE', *, *, #953, .T. ) ;
#1191 = ORIENTED_EDGE ( 'NONE', *, *, #630, .T. ) ;
#1192 = DIRECTION ( 'NONE',  ( 0.000000000000000000, 0.000000000000000000, 1.000000000000000000 ) ) ;
#1193 = ORIENTED_EDGE ( 'NONE', *, *, #360, .T. ) ;
#1194 = ORIENTED_EDGE ( 'NONE', *, *, #1227, .T. ) ;
#1195 = ORIENTED_EDGE ( 'NONE', *, *, #61, .T. ) ;
#1196 = VECTOR ( 'NONE', #267, 1000.000000000000000 ) ;
#1197 = AXIS2_PLACEMENT_3D ( 'NONE', #410, #978, #1003 ) ;
#1198 = VERTEX_POINT ( 'NONE', #519 ) ;
#1199 = AXIS2_PLACEMENT_3D ( 'NONE', #708, #1169, #502 ) ;
#1200 = ADVANCED_FACE ( 'NONE', ( #420 ), #1339, .F. ) ;
#1201 = MANIFOLD_SOLID_BREP ( 'Fillet1', #848 ) ;
#1202 = CARTESIAN_POINT ( 'NONE',  ( 5.000000000000000000, 0.000000000000000000, 0.000000000000000000 ) ) ;
#1203 = CARTESIAN_POINT ( 'NONE',  ( 15.55000000000000249, 26.80000000000000071, -22.00000000000000000 ) ) ;
#1204 = CONTEXT_DEPENDENT_SHAPE_REPRESENTATION ( #140, #501 ) ;
#1205 = VECTOR ( 'NONE', #467, 1000.000000000000000 ) ;
#1206 = ORIENTED_EDGE ( 'NONE', *, *, #1047, .T. ) ;
#1207 = CARTESIAN_POINT ( 'NONE',  ( 1.109703575489245253, 0.000000000000000000, -10.00000000000000000 ) ) ;
#1208 = ORIENTED_EDGE ( 'NONE', *, *, #1005, .F. ) ;
#1209 = CYLINDRICAL_SURFACE ( 'NONE', #1276, 1.700000000000000178 ) ;
#1210 = DIRECTION ( 'NONE',  ( -0.000000000000000000, -0.000000000000000000, 1.000000000000000000 ) ) ;
#1211 = ORIENTED_EDGE ( 'NONE', *, *, #341, .F. ) ;
#1212 = PRODUCT_RELATED_PRODUCT_CATEGORY ( 'part', '', ( #1373 ) ) ;
#1213 =( NAMED_UNIT ( * ) SI_UNIT ( $, .STERADIAN. ) SOLID_ANGLE_UNIT ( ) );
#1214 = CARTESIAN_POINT ( 'NONE',  ( 0.000000000000000000, 0.000000000000000000, -10.00000000000000000 ) ) ;
#1215 = EDGE_LOOP ( 'NONE', ( #163, #137 ) ) ;
#1216 = EDGE_CURVE ( 'NONE', #637, #938, #964, .T. ) ;
#1217 = FACE_OUTER_BOUND ( 'NONE', #1303, .T. ) ;
#1218 = ORIENTED_EDGE ( 'NONE', *, *, #449, .F. ) ;
#1219 = ADVANCED_FACE ( 'NONE', ( #159, #47 ), #766, .T. ) ;
#1220 = FILL_AREA_STYLE ('',( #1327 ) ) ;
#1221 = EDGE_CURVE ( 'NONE', #188, #1500, #1110, .T. ) ;
#1222 = DIRECTION ( 'NONE',  ( -1.000000000000000000, -0.000000000000000000, -0.000000000000000000 ) ) ;
#1223 = VECTOR ( 'NONE', #1034, 1000.000000000000000 ) ;
#1224 = CARTESIAN_POINT ( 'NONE',  ( -15.54999999999999893, 26.80000000000000426, -22.00000000000000000 ) ) ;
#1225 = ADVANCED_BREP_SHAPE_REPRESENTATION ( '', ( #1231, #919 ), #944 ) ;
#1226 = ORIENTED_EDGE ( 'NONE', *, *, #30, .T. ) ;
#1227 = EDGE_CURVE ( 'NONE', #617, #1480, #614, .T. ) ;
#1228 = CARTESIAN_POINT ( 'NONE',  ( 0.000000000000000000, 0.000000000000000000, -10.00000000000000000 ) ) ;
#1229 = VECTOR ( 'NONE', #1192, 1000.000000000000000 ) ;
#1230 = FACE_OUTER_BOUND ( 'NONE', #1084, .T. ) ;
#1231 = MANIFOLD_SOLID_BREP ( 'Cut-Extrude4', #424 ) ;
#1232 = CIRCLE ( 'NONE', #488, 1.700000000000000178 ) ;
#1233 = ORIENTED_EDGE ( 'NONE', *, *, #460, .T. ) ;
#1234 = CARTESIAN_POINT ( 'NONE',  ( 0.000000000000000000, 0.000000000000000000, 2.000000000000000000 ) ) ;
#1235 = CYLINDRICAL_SURFACE ( 'NONE', #298, 0.5000000000000004441 ) ;
#1236 = CARTESIAN_POINT ( 'NONE',  ( 0.000000000000000000, 0.000000000000000000, 0.000000000000000000 ) ) ;
#1237 = EDGE_CURVE ( 'NONE', #1262, #536, #97, .T. ) ;
#1238 = ORIENTED_EDGE ( 'NONE', *, *, #623, .F. ) ;
#1239 = DIRECTION ( 'NONE',  ( -1.000000000000000000, 0.000000000000000000, 0.000000000000000000 ) ) ;
#1240 = CARTESIAN_POINT ( 'NONE',  ( 32.70000000000000284, -3.796405077356795115E-15, 2.000000000000000000 ) ) ;
#1241 = DIRECTION ( 'NONE',  ( 0.000000000000000000, 0.000000000000000000, 1.000000000000000000 ) ) ;
#1242 = LINE ( 'NONE', #193, #669 ) ;
#1243 = CIRCLE ( 'NONE', #1434, 1.699999999999999956 ) ;
#1244 = CARTESIAN_POINT ( 'NONE',  ( 5.000000000000000000, -1.500000000000000000, -0.5000000000000002220 ) ) ;
#1245 = VECTOR ( 'NONE', #997, 1000.000000000000000 ) ;
#1246 = FACE_OUTER_BOUND ( 'NONE', #1073, .T. ) ;
#1247 = PLANE ( 'NONE',  #196 ) ;
#1248 = CARTESIAN_POINT ( 'NONE',  ( 1.109703575489245253, -9.769331192309893112E-16, 4.336808689942017736E-15 ) ) ;
#1249 = AXIS2_PLACEMENT_3D ( 'NONE', #1471, #775, #663 ) ;
#1250 = DIRECTION ( 'NONE',  ( -1.000000000000000000, 0.000000000000000000, 0.000000000000000000 ) ) ;
#1251 = CONTEXT_DEPENDENT_SHAPE_REPRESENTATION ( #1334, #330 ) ;
#1252 = AXIS2_PLACEMENT_3D ( 'NONE', #889, #1135, #894 ) ;
#1253 = FACE_OUTER_BOUND ( 'NONE', #756, .T. ) ;
#1254 = ORIENTED_EDGE ( 'NONE', *, *, #1065, .T. ) ;
#1255 = EDGE_CURVE ( 'NONE', #242, #461, #151, .T. ) ;
#1256 = CARTESIAN_POINT ( 'NONE',  ( 29.30000000000000071, -3.588215121501744890E-15, 2.000000000000000000 ) ) ;
#1257 = CARTESIAN_POINT ( 'NONE',  ( 15.55000000000000249, 26.80000000000000071, -22.00000000000000000 ) ) ;
#1258 = ORIENTED_EDGE ( 'NONE', *, *, #220, .F. ) ;
#1259 = CYLINDRICAL_SURFACE ( 'NONE', #533, 1.700000000000000178 ) ;
#1260 = AXIS2_PLACEMENT_3D ( 'NONE', #608, #1072, #945 ) ;
#1261 = LINE ( 'NONE', #94, #534 ) ;
#1262 = VERTEX_POINT ( 'NONE', #1375 ) ;
#1263 = DIRECTION ( 'NONE',  ( 0.000000000000000000, 0.000000000000000000, 1.000000000000000000 ) ) ;
#1264 = EDGE_CURVE ( 'NONE', #1198, #1307, #1126, .T. ) ;
#1265 = DIRECTION ( 'NONE',  ( -0.000000000000000000, -0.000000000000000000, 1.000000000000000000 ) ) ;
#1266 = ORIENTED_EDGE ( 'NONE', *, *, #168, .F. ) ;
#1267 = DIRECTION ( 'NONE',  ( -1.000000000000000000, 0.000000000000000000, -0.000000000000000000 ) ) ;
#1268 = CARTESIAN_POINT ( 'NONE',  ( -23.49999999999999645, 26.94090755709613916, 2.000000000000000000 ) ) ;
#1269 = LINE ( 'NONE', #1387, #798 ) ;
#1270 = ORIENTED_EDGE ( 'NONE', *, *, #1311, .F. ) ;
#1271 = CARTESIAN_POINT ( 'NONE',  ( -31.00000000000000000, -3.796405077356795115E-15, 0.000000000000000000 ) ) ;
#1272 = EDGE_CURVE ( 'NONE', #1067, #1446, #359, .T. ) ;
#1273 = ORIENTED_EDGE ( 'NONE', *, *, #1173, .T. ) ;
#1274 = CARTESIAN_POINT ( 'NONE',  ( 1.109703575489245253, 0.000000000000000000, -10.00000000000000000 ) ) ;
#1275 = LINE ( 'NONE', #1045, #1055 ) ;
#1276 = AXIS2_PLACEMENT_3D ( 'NONE', #793, #161, #204 ) ;
#1277 = CARTESIAN_POINT ( 'NONE',  ( 12.50000000000001066, 28.00000000000000355, -13.50000000000000000 ) ) ;
#1278 = EDGE_LOOP ( 'NONE', ( #943, #1085, #174, #1312 ) ) ;
#1279 = VECTOR ( 'NONE', #462, 1000.000000000000000 ) ;
#1280 = DIRECTION ( 'NONE',  ( 0.000000000000000000, 0.000000000000000000, 1.000000000000000000 ) ) ;
#1281 = EDGE_CURVE ( 'NONE', #890, #850, #833, .T. ) ;
#1282 = ORIENTED_EDGE ( 'NONE', *, *, #1017, .T. ) ;
#1283 = DIRECTION ( 'NONE',  ( -0.000000000000000000, -0.000000000000000000, 1.000000000000000000 ) ) ;
#1284 = CYLINDRICAL_SURFACE ( 'NONE', #1323, 1.399999999999998579 ) ;
#1285 = DIRECTION ( 'NONE',  ( -1.734723475976806848E-16, 0.000000000000000000, -1.000000000000000000 ) ) ;
#1286 = EDGE_LOOP ( 'NONE', ( #647, #167 ) ) ;
#1287 = CARTESIAN_POINT ( 'NONE',  ( 1.109703575489245475, 3.080253093803577702, -10.00000004040656876 ) ) ;
#1288 = ORIENTED_EDGE ( 'NONE', *, *, #291, .F. ) ;
#1289 = PRODUCT_CONTEXT ( 'NONE', #29, 'mechanical' ) ;
#1290 = VERTEX_POINT ( 'NONE', #232 ) ;
#1291 = LINE ( 'NONE', #700, #209 ) ;
#1292 = ORIENTED_EDGE ( 'NONE', *, *, #942, .T. ) ;
#1293 = CARTESIAN_POINT ( 'NONE',  ( 5.000000000000000000, 3.080253093803577702, -10.00000004040656876 ) ) ;
#1294 = AXIS2_PLACEMENT_3D ( 'NONE', #1401, #937, #345 ) ;
#1295 = ORIENTED_EDGE ( 'NONE', *, *, #862, .F. ) ;
#1296 =( GEOMETRIC_REPRESENTATION_CONTEXT ( 3 ) GLOBAL_UNCERTAINTY_ASSIGNED_CONTEXT ( ( #535 ) ) GLOBAL_UNIT_ASSIGNED_CONTEXT ( ( #1117, #1344, #773 ) ) REPRESENTATION_CONTEXT ( 'NONE', 'WORKASPACE' ) );
#1297 = PLANE ( 'NONE',  #879 ) ;
#1298 = DIRECTION ( 'NONE',  ( 1.000000000000000000, 0.000000000000000000, 0.000000000000000000 ) ) ;
#1299 = DIRECTION ( 'NONE',  ( -1.000000000000000000, -0.000000000000000000, -0.000000000000000000 ) ) ;
#1300 = LINE ( 'NONE', #14, #1229 ) ;
#1301 = AXIS2_PLACEMENT_3D ( 'NONE', #327, #915, #804 ) ;
#1302 = VECTOR ( 'NONE', #1063, 1000.000000000000000 ) ;
#1303 = EDGE_LOOP ( 'NONE', ( #372, #45, #34, #1142 ) ) ;
#1304 = EDGE_CURVE ( 'NONE', #1070, #1500, #382, .T. ) ;
#1305 = ORIENTED_EDGE ( 'NONE', *, *, #765, .T. ) ;
#1306 = AXIS2_PLACEMENT_3D ( 'NONE', #106, #824, #480 ) ;
#1307 = VERTEX_POINT ( 'NONE', #1151 ) ;
#1308 = CARTESIAN_POINT ( 'NONE',  ( 0.000000000000000000, 0.000000000000000000, 0.000000000000000000 ) ) ;
#1309 = EDGE_LOOP ( 'NONE', ( #16, #1270, #1405, #583 ) ) ;
#1310 = DIRECTION ( 'NONE',  ( -1.217349807703022362E-16, -1.000000000000000000, -0.000000000000000000 ) ) ;
#1311 = EDGE_CURVE ( 'NONE', #972, #705, #799, .T. ) ;
#1312 = ORIENTED_EDGE ( 'NONE', *, *, #181, .T. ) ;
#1313 = ORIENTED_EDGE ( 'NONE', *, *, #220, .T. ) ;
#1314 = EDGE_CURVE ( 'NONE', #731, #9, #1232, .T. ) ;
#1315 = EDGE_LOOP ( 'NONE', ( #814, #1191, #990, #885 ) ) ;
#1316 = CARTESIAN_POINT ( 'NONE',  ( 0.000000000000000000, 3.080253093803577702, -10.00000004040656876 ) ) ;
#1317 = FACE_OUTER_BOUND ( 'NONE', #1168, .T. ) ;
#1318 = ORIENTED_EDGE ( 'NONE', *, *, #1281, .F. ) ;
#1319 = CIRCLE ( 'NONE', #1103, 35.75000000000000000 ) ;
#1320 = AXIS2_PLACEMENT_3D ( 'NONE', #1102, #760, #992 ) ;
#1321 = CARTESIAN_POINT ( 'NONE',  ( 5.000000000000000000, 5.258320959226876035, -5.000000000000000000 ) ) ;
#1322 = DIRECTION ( 'NONE',  ( 0.000000000000000000, 1.000000000000000000, -0.000000000000000000 ) ) ;
#1323 = AXIS2_PLACEMENT_3D ( 'NONE', #238, #836, #1186 ) ;
#1324 = ORIENTED_EDGE ( 'NONE', *, *, #360, .F. ) ;
#1325 = VECTOR ( 'NONE', #39, 1000.000000000000000 ) ;
#1326 = EDGE_CURVE ( 'NONE', #393, #479, #596, .T. ) ;
#1327 = FILL_AREA_STYLE_COLOUR ( '', #1106 ) ;
#1328 = AXIS2_PLACEMENT_3D ( 'NONE', #1167, #1280, #941 ) ;
#1329 = DIRECTION ( 'NONE',  ( 1.000000000000000000, 0.000000000000000000, 0.000000000000000000 ) ) ;
#1330 = DIRECTION ( 'NONE',  ( -0.000000000000000000, -0.000000000000000000, -1.000000000000000000 ) ) ;
#1331 = ORIENTED_EDGE ( 'NONE', *, *, #1125, .T. ) ;
#1332 =( BOUNDED_CURVE ( )  B_SPLINE_CURVE ( 3, ( #446, #66, #1443, #1321, #677, #192, #1202 ),
 .UNSPECIFIED., .F., .T. ) 
 B_SPLINE_CURVE_WITH_KNOTS ( ( 4, 3, 4 ),
 ( 1.570796312999232613, 3.141592653589793116, 4.712388994180352952 ),
 .UNSPECIFIED. ) 
 CURVE ( )  GEOMETRIC_REPRESENTATION_ITEM ( )  RATIONAL_B_SPLINE_CURVE ( ( 1.000000000000000000, 0.8047378508726957813, 0.8047378508726957813, 1.000000000000000000, 0.8047378508726958923, 0.8047378508726958923, 1.000000000000000000 ) ) 
 REPRESENTATION_ITEM ( '' )  );
#1333 = SURFACE_STYLE_FILL_AREA ( #538 ) ;
#1334 =( REPRESENTATION_RELATIONSHIP ('NONE','NONE', #24, #179 ) REPRESENTATION_RELATIONSHIP_WITH_TRANSFORMATION ( #60 )SHAPE_REPRESENTATION_RELATIONSHIP( ) );
#1335 = EDGE_CURVE ( 'NONE', #1184, #1120, #761, .T. ) ;
#1336 = DIRECTION ( 'NONE',  ( 0.000000000000000000, 0.000000000000000000, -1.000000000000000000 ) ) ;
#1337 = ORIENTED_EDGE ( 'NONE', *, *, #753, .F. ) ;
#1338 = CARTESIAN_POINT ( 'NONE',  ( 0.000000000000000000, 31.00000000000000000, 0.000000000000000000 ) ) ;
#1339 = PLANE ( 'NONE',  #1197 ) ;
#1340 = CARTESIAN_POINT ( 'NONE',  ( 5.000000000000000000, 0.000000000000000000, 0.000000000000000000 ) ) ;
#1341 = PLANE ( 'NONE',  #175 ) ;
#1342 = EDGE_LOOP ( 'NONE', ( #809, #136, #36, #740 ) ) ;
#1343 = EDGE_CURVE ( 'NONE', #1446, #707, #216, .T. ) ;
#1344 =( NAMED_UNIT ( * ) PLANE_ANGLE_UNIT ( ) SI_UNIT ( $, .RADIAN. ) );
#1345 = CYLINDRICAL_SURFACE ( 'NONE', #1249, 1.699999999999999956 ) ;
#1346 = CARTESIAN_POINT ( 'NONE',  ( -11.24999999999999289, 26.00000000000000355, -13.50000000000000000 ) ) ;
#1347 = DIRECTION ( 'NONE',  ( 1.000000000000000000, -0.000000000000000000, 0.000000000000000000 ) ) ;
#1348 = ORIENTED_EDGE ( 'NONE', *, *, #1314, .T. ) ;
#1349 = DIRECTION ( 'NONE',  ( 0.000000000000000000, 0.000000000000000000, 1.000000000000000000 ) ) ;
#1350 = DIRECTION ( 'NONE',  ( 1.000000000000000000, 0.000000000000000000, 0.000000000000000000 ) ) ;
#1351 = CARTESIAN_POINT ( 'NONE',  ( -15.54999999999999893, 26.80000000000000426, -22.00000000000000000 ) ) ;
#1352 = PLANE ( 'NONE',  #202 ) ;
#1353 = ORIENTED_EDGE ( 'NONE', *, *, #468, .F. ) ;
#1354 = LINE ( 'NONE', #675, #1069 ) ;
#1355 = CYLINDRICAL_SURFACE ( 'NONE', #645, 1.249999999999999334 ) ;
#1356 = DIRECTION ( 'NONE',  ( -0.000000000000000000, -0.000000000000000000, -1.000000000000000000 ) ) ;
#1357 = DIRECTION ( 'NONE',  ( 1.000000000000000000, 0.000000000000000000, 0.000000000000000000 ) ) ;
#1358 = AXIS2_PLACEMENT_3D ( 'NONE', #713, #221, #495 ) ;
#1359 = DIRECTION ( 'NONE',  ( -0.000000000000000000, -0.000000000000000000, -1.000000000000000000 ) ) ;
#1360 = CARTESIAN_POINT ( 'NONE',  ( -31.00000000000000000, -3.796405077356795115E-15, 0.000000000000000000 ) ) ;
#1361 = CIRCLE ( 'NONE', #399, 1.700000000000000178 ) ;
#1362 = CIRCLE ( 'NONE', #477, 1.699999999999999956 ) ;
#1363 = DIRECTION ( 'NONE',  ( -0.000000000000000000, -0.000000000000000000, -1.000000000000000000 ) ) ;
#1364 = LINE ( 'NONE', #1376, #320 ) ;
#1365 = ORIENTED_EDGE ( 'NONE', *, *, #785, .T. ) ;
#1366 = AXIS2_PLACEMENT_3D ( 'NONE', #13, #1299, #22 ) ;
#1367 = DIRECTION ( 'NONE',  ( 0.000000000000000000, 0.000000000000000000, 1.000000000000000000 ) ) ;
#1368 = EDGE_CURVE ( 'NONE', #1467, #1067, #674, .T. ) ;
#1369 = AXIS2_PLACEMENT_3D ( 'NONE', #876, #1330, #1418 ) ;
#1370 = AXIS2_PLACEMENT_3D ( 'NONE', #1449, #911, #1025 ) ;
#1371 = CARTESIAN_POINT ( 'NONE',  ( 5.000000000000000000, 5.258320959226876923, -7.928932220172620227 ) ) ;
#1372 = EDGE_CURVE ( 'NONE', #620, #1024, #1090, .T. ) ;
#1373 = PRODUCT ( 'pulley_panel_top_0213', 'pulley_panel_top_0213', '', ( #421 ) ) ;
#1374 = ORIENTED_EDGE ( 'NONE', *, *, #1372, .T. ) ;
#1375 = CARTESIAN_POINT ( 'NONE',  ( -14.74999999999999645, 26.00000000000000355, -22.00000000000000000 ) ) ;
#1376 = CARTESIAN_POINT ( 'NONE',  ( -15.54999999999999893, 26.80000000000000426, -22.00000000000000000 ) ) ;
#1377 = ORIENTED_EDGE ( 'NONE', *, *, #384, .F. ) ;
#1378 = CARTESIAN_POINT ( 'NONE',  ( 35.75000000000000000, 4.378112306951787069E-15, 2.000000000000000000 ) ) ;
#1379 = SHAPE_REPRESENTATION ( 'pulley_panel_top_0213', ( #919 ), #944 ) ;
#1380 = DIRECTION ( 'NONE',  ( 0.000000000000000000, 1.000000000000000000, 0.000000000000000000 ) ) ;
#1381 = DIRECTION ( 'NONE',  ( 1.000000000000000000, 0.000000000000000000, 0.000000000000000000 ) ) ;
#1382 = ORIENTED_EDGE ( 'NONE', *, *, #131, .T. ) ;
#1383 = DIRECTION ( 'NONE',  ( -0.000000000000000000, 0.000000000000000000, 1.000000000000000000 ) ) ;
#1384 = SHAPE_DEFINITION_REPRESENTATION ( #957, #179 ) ;
#1385 = DIRECTION ( 'NONE',  ( 0.000000000000000000, 0.000000000000000000, 1.000000000000000000 ) ) ;
#1386 = ITEM_DEFINED_TRANSFORMATION ( 'NONE', 'NONE', #328,  #919 ) ;
#1387 = CARTESIAN_POINT ( 'NONE',  ( 5.000000000000000000, 0.000000000000000000, -10.00000000000000000 ) ) ;
#1388 = STYLED_ITEM ( 'NONE', ( #636 ), #1201 ) ;
#1389 = CARTESIAN_POINT ( 'NONE',  ( 5.000000000000000000, -2.000000000000000000, -0.5000000000000002220 ) ) ;
#1390 = ORIENTED_EDGE ( 'NONE', *, *, #478, .F. ) ;
#1391 = LINE ( 'NONE', #1378, #1127 ) ;
#1392 = EDGE_CURVE ( 'NONE', #470, #517, #1138, .T. ) ;
#1393 = LINE ( 'NONE', #930, #81 ) ;
#1394 =( NAMED_UNIT ( * ) SI_UNIT ( $, .STERADIAN. ) SOLID_ANGLE_UNIT ( ) );
#1395 = VECTOR ( 'NONE', #1322, 1000.000000000000000 ) ;
#1396 = EDGE_LOOP ( 'NONE', ( #605, #529, #269, #555 ) ) ;
#1397 = CARTESIAN_POINT ( 'NONE',  ( 3.839276372235125745, 6.000000000000000000, -10.00000000000000000 ) ) ;
#1398 = ORIENTED_EDGE ( 'NONE', *, *, #338, .T. ) ;
#1399 = CARTESIAN_POINT ( 'NONE',  ( 1.109703575489245253, 0.000000000000000000, -10.00000000000000000 ) ) ;
#1400 = ORIENTED_EDGE ( 'NONE', *, *, #1264, .F. ) ;
#1401 = CARTESIAN_POINT ( 'NONE',  ( 11.25000000000001243, 26.80000000000000071, -13.50000000000000000 ) ) ;
#1402 = DIRECTION ( 'NONE',  ( 0.000000000000000000, 1.000000000000000000, 0.000000000000000000 ) ) ;
#1403 = CARTESIAN_POINT ( 'NONE',  ( 1.109703575489245253, 5.258320959226876035, -5.000000000000000000 ) ) ;
#1404 = DIRECTION ( 'NONE',  ( 1.301042606982605321E-16, 0.000000000000000000, 1.000000000000000000 ) ) ;
#1405 = ORIENTED_EDGE ( 'NONE', *, *, #1077, .T. ) ;
#1406 = LINE ( 'NONE', #591, #1021 ) ;
#1407 = DIRECTION ( 'NONE',  ( 0.01294672384406518953, 0.9999161876585985764, 6.402675886113101563E-16 ) ) ;
#1408 = CARTESIAN_POINT ( 'NONE',  ( 1.109703575489245475, 5.258320959226876923, -2.071067779827381550 ) ) ;
#1409 = PLANE ( 'NONE',  #128 ) ;
#1410 = EDGE_CURVE ( 'NONE', #1024, #620, #556, .T. ) ;
#1411 = EDGE_LOOP ( 'NONE', ( #1049, #839, #1088, #240 ) ) ;
#1412 = ORIENTED_EDGE ( 'NONE', *, *, #1459, .T. ) ;
#1413 = CIRCLE ( 'NONE', #912, 1.399999999999998579 ) ;
#1414 = CARTESIAN_POINT ( 'NONE',  ( 31.00000000000000000, -3.796405077356795115E-15, -32.00000000000001421 ) ) ;
#1415 = EDGE_CURVE ( 'NONE', #182, #895, #653, .T. ) ;
#1416 = ORIENTED_EDGE ( 'NONE', *, *, #1498, .T. ) ;
#1417 = CARTESIAN_POINT ( 'NONE',  ( 0.000000000000000000, 3.080253093803577258, 4.040656958307851268E-08 ) ) ;
#1418 = DIRECTION ( 'NONE',  ( 1.000000000000000000, 0.000000000000000000, 0.000000000000000000 ) ) ;
#1419 = VECTOR ( 'NONE', #998, 1000.000000000000000 ) ;
#1420 = AXIS2_PLACEMENT_3D ( 'NONE', #68, #77, #994 ) ;
#1421 = EDGE_CURVE ( 'NONE', #1307, #1198, #206, .T. ) ;
#1422 = VERTEX_POINT ( 'NONE', #1121 ) ;
#1423 = ORIENTED_EDGE ( 'NONE', *, *, #79, .T. ) ;
#1424 = LINE ( 'NONE', #170, #1196 ) ;
#1425 = ORIENTED_EDGE ( 'NONE', *, *, #1147, .T. ) ;
#1426 = DIRECTION ( 'NONE',  ( 0.000000000000000000, 0.000000000000000000, 1.000000000000000000 ) ) ;
#1427 = ADVANCED_FACE ( 'NONE', ( #1246 ), #183, .T. ) ;
#1428 = EDGE_LOOP ( 'NONE', ( #512, #635 ) ) ;
#1429 = SURFACE_STYLE_FILL_AREA ( #1220 ) ;
#1430 = CARTESIAN_POINT ( 'NONE',  ( -15.54999999999999893, 26.80000000000000426, -22.00000000000000000 ) ) ;
#1431 = FACE_OUTER_BOUND ( 'NONE', #1097, .T. ) ;
#1432 = CYLINDRICAL_SURFACE ( 'NONE', #1159, 35.75000000000000000 ) ;
#1433 = ORIENTED_EDGE ( 'NONE', *, *, #371, .T. ) ;
#1434 = AXIS2_PLACEMENT_3D ( 'NONE', #692, #923, #465 ) ;
#1435 = ORIENTED_EDGE ( 'NONE', *, *, #173, .T. ) ;
#1436 = VECTOR ( 'NONE', #511, 1000.000000000000000 ) ;
#1437 = CARTESIAN_POINT ( 'NONE',  ( 3.839276372235126189, 3.080253093803581255, 4.040656704869201660E-08 ) ) ;
#1438 = CARTESIAN_POINT ( 'NONE',  ( -12.64999999999999147, 26.80000000000000426, -13.50000000000000000 ) ) ;
#1439 = ADVANCED_FACE ( 'NONE', ( #176 ), #654, .T. ) ;
#1440 = AXIS2_PLACEMENT_3D ( 'NONE', #706, #588, #329 ) ;
#1441 = ORIENTED_EDGE ( 'NONE', *, *, #1264, .T. ) ;
#1442 = VECTOR ( 'NONE', #1004, 1000.000000000000000 ) ;
#1443 = CARTESIAN_POINT ( 'NONE',  ( 4.999999999999999112, 5.258320959226876923, -7.928932220172619338 ) ) ;
#1444 = DIRECTION ( 'NONE',  ( -1.453678890483357746E-16, -1.000000000000000000, 0.000000000000000000 ) ) ;
#1445 = CIRCLE ( 'NONE', #172, 1.700000000000000178 ) ;
#1446 = VERTEX_POINT ( 'NONE', #662 ) ;
#1447 = ORIENTED_EDGE ( 'NONE', *, *, #302, .F. ) ;
#1448 = VERTEX_POINT ( 'NONE', #189 ) ;
#1449 = CARTESIAN_POINT ( 'NONE',  ( 0.000000000000000000, 0.000000000000000000, -22.00000000000000000 ) ) ;
#1450 = DIRECTION ( 'NONE',  ( 1.301042606982605321E-16, 0.000000000000000000, 1.000000000000000000 ) ) ;
#1451 = DIRECTION ( 'NONE',  ( 0.000000000000000000, 0.000000000000000000, 1.000000000000000000 ) ) ;
#1452 = FACE_OUTER_BOUND ( 'NONE', #1411, .T. ) ;
#1453 = EDGE_CURVE ( 'NONE', #1160, #1024, #665, .T. ) ;
#1454 = VERTEX_POINT ( 'NONE', #1116 ) ;
#1455 = LINE ( 'NONE', #776, #322 ) ;
#1456 = VECTOR ( 'NONE', #10, 1000.000000000000000 ) ;
#1457 = CARTESIAN_POINT ( 'NONE',  ( 5.000000000000000000, 0.000000000000000000, 0.000000000000000000 ) ) ;
#1458 = ORIENTED_EDGE ( 'NONE', *, *, #1421, .T. ) ;
#1459 = EDGE_CURVE ( 'NONE', #1448, #1422, #64, .T. ) ;
#1460 = CIRCLE ( 'NONE', #377, 1.700000000000000178 ) ;
#1461 = CARTESIAN_POINT ( 'NONE',  ( 1.109703575489246585, 0.000000000000000000, 0.000000000000000000 ) ) ;
#1462 = LINE ( 'NONE', #1140, #226 ) ;
#1463 = LINE ( 'NONE', #431, #252 ) ;
#1464 = VECTOR ( 'NONE', #323, 1000.000000000000000 ) ;
#1465 = DIRECTION ( 'NONE',  ( 0.000000000000000000, 0.000000000000000000, 1.000000000000000000 ) ) ;
#1466 = DIRECTION ( 'NONE',  ( 0.000000000000000000, -0.000000000000000000, 1.000000000000000000 ) ) ;
#1467 = VERTEX_POINT ( 'NONE', #571 ) ;
#1468 = EDGE_CURVE ( 'NONE', #386, #922, #1134, .T. ) ;
#1469 = DIRECTION ( 'NONE',  ( 1.000000000000000000, 0.000000000000000000, 0.000000000000000000 ) ) ;
#1470 = CARTESIAN_POINT ( 'NONE',  ( 1.700000000000007727, -31.00000000000000000, 0.000000000000000000 ) ) ;
#1471 = CARTESIAN_POINT ( 'NONE',  ( 0.000000000000000000, 31.00000000000000000, -32.00000000000001421 ) ) ;
#1472 = CARTESIAN_POINT ( 'NONE',  ( 5.000000000000000000, 2.500000000000000000, -5.000000000000000000 ) ) ;
#1473 = CARTESIAN_POINT ( 'NONE',  ( 1.700000000000007727, -31.00000000000000000, 2.000000000000000000 ) ) ;
#1474 = CARTESIAN_POINT ( 'NONE',  ( 11.25000000000001243, 28.00000000000000355, -13.50000000000000000 ) ) ;
#1475 = LINE ( 'NONE', #1019, #797 ) ;
#1476 = CARTESIAN_POINT ( 'NONE',  ( -17.49999999999999645, 31.17390735855869011, 2.000000000000000000 ) ) ;
#1477 = ITEM_DEFINED_TRANSFORMATION ( 'NONE', 'NONE', #851,  #919 ) ;
#1478 = ADVANCED_FACE ( 'NONE', ( #1143 ), #764, .F. ) ;
#1479 = CARTESIAN_POINT ( 'NONE',  ( 15.55000000000000249, 26.80000000000000071, -22.00000000000000000 ) ) ;
#1480 = VERTEX_POINT ( 'NONE', #436 ) ;
#1481 = AXIS2_PLACEMENT_3D ( 'NONE', #1018, #1152, #781 ) ;
#1482 = CARTESIAN_POINT ( 'NONE',  ( 1.109703575489245253, 5.258320959226876035, -5.000000000000000000 ) ) ;
#1483 = CARTESIAN_POINT ( 'NONE',  ( -11.24999999999999289, 26.00000000000000355, -13.50000000000000000 ) ) ;
#1484 = VERTEX_POINT ( 'NONE', #1228 ) ;
#1485 = CARTESIAN_POINT ( 'NONE',  ( -17.49999999999999645, 11.99999999999999822, 0.000000000000000000 ) ) ;
#1486 = CIRCLE ( 'NONE', #970, 35.75000000000000000 ) ;
#1487 = EDGE_CURVE ( 'NONE', #1067, #547, #201, .T. ) ;
#1488 =( GEOMETRIC_REPRESENTATION_CONTEXT ( 3 ) GLOBAL_UNCERTAINTY_ASSIGNED_CONTEXT ( ( #15 ) ) GLOBAL_UNIT_ASSIGNED_CONTEXT ( ( #473, #486, #714 ) ) REPRESENTATION_CONTEXT ( 'NONE', 'WORKASPACE' ) );
#1489 = LINE ( 'NONE', #1277, #1132 ) ;
#1490 = EDGE_LOOP ( 'NONE', ( #1194, #1105 ) ) ;
#1491 = DIRECTION ( 'NONE',  ( 0.000000000000000000, 0.000000000000000000, -1.000000000000000000 ) ) ;
#1492 = FACE_OUTER_BOUND ( 'NONE', #1006, .T. ) ;
#1493 = EDGE_LOOP ( 'NONE', ( #982, #1348 ) ) ;
#1494 = CARTESIAN_POINT ( 'NONE',  ( -1.699999999999992628, -31.00000000000000000, -32.00000000000001421 ) ) ;
#1495 = CYLINDRICAL_SURFACE ( 'NONE', #598, 35.75000000000000000 ) ;
#1496 = CARTESIAN_POINT ( 'NONE',  ( 0.000000000000000000, 0.000000000000000000, 0.000000000000000000 ) ) ;
#1497 = CARTESIAN_POINT ( 'NONE',  ( 1.109703575489245697, 2.500000000000000000, -5.000000000000000000 ) ) ;
#1498 = EDGE_CURVE ( 'NONE', #249, #617, #1354, .T. ) ;
#1499 = CARTESIAN_POINT ( 'NONE',  ( -31.00000000000000000, -3.796405077356795115E-15, 2.000000000000000000 ) ) ;
#1500 = VERTEX_POINT ( 'NONE', #1256 ) ;
#1501 = DIRECTION ( 'NONE',  ( 1.000000000000000000, 0.000000000000000000, 0.000000000000000000 ) ) ;
#1502 = FACE_BOUND ( 'NONE', #212, .T. ) ;
#1503 = CIRCLE ( 'NONE', #1294, 1.249999999999999334 ) ;
#1504 = ORIENTED_EDGE ( 'NONE', *, *, #1125, .F. ) ;
#1505 = CARTESIAN_POINT ( 'NONE',  ( 5.000000000000000000, 3.080253093803577258, 4.040656958307851268E-08 ) ) ;
#1506 = EDGE_LOOP ( 'NONE', ( #152, #844, #251, #579 ) ) ;
#1507 = NEXT_ASSEMBLY_USAGE_OCCURRENCE ( 'NAUO1', ' ', ' ', #774, #387, $ ) ;
#1508 = NEXT_ASSEMBLY_USAGE_OCCURRENCE ( 'NAUO2', ' ', ' ', #774, #679, $ ) ;
#1509 = NEXT_ASSEMBLY_USAGE_OCCURRENCE ( 'NAUO3', ' ', ' ', #774, #679, $ ) ;
#1510 = NEXT_ASSEMBLY_USAGE_OCCURRENCE ( 'NAUO4', ' ', ' ', #774, #679, $ ) ;
#1511 = NEXT_ASSEMBLY_USAGE_OCCURRENCE ( 'NAUO5', ' ', ' ', #774, #679, $ ) ;
ENDSEC;
END-ISO-10303-21;
